nid,X,Y,lid1,lid2,lid3,lid4,lid5
1,-19621.7335,-31651.926,1,87,88,,
2,-19626.023,-31623.8619,1,2,1915,,
3,-19632.7611,-31573.9943,2,3,,,
4,-19638.8995,-31531.1167,3,4,,,
5,-19647.4526,-31467.4674,4,5,,,
6,-19649.7852,-31434.1494,5,6,,,
7,-19650.4267,-31421.524,6,7,,,
8,-19652.3603,-31383.6698,7,8,,,
9,-19654.557,-31350.2412,8,9,,,
10,-19655.6246,-31333.9097,9,10,,,
11,-19655.9571,-31328.8172,10,11,,,
12,-19658.1362,-31295.6327,11,12,,,
13,-19660.7481,-31269.9906,12,13,,,
14,-19661.6684,-31248.49,13,14,,,
15,-19662.46,-31230.1069,14,15,,,
16,-19676.1544,-31180.3015,15,16,,,
17,-19687.318,-31139.6868,16,17,,,
18,-19688.0645,-31133.6394,17,18,,,
19,-19687.9782,-31127.3386,18,19,,,
20,-19687.5159,-31094.3042,19,20,,,
21,-19687.0541,-31061.4361,20,21,,,
22,-19686.989,-31056.5553,21,22,,,
23,-19684.5217,-31000.518,22,,,,
24,-20381.2593,-31891.6357,23,,,,
25,-20374.6922,-31892.1167,23,24,,,
26,-20316.5745,-31896.4209,24,25,,,
27,-20292.9376,-31897.8061,25,26,,,
28,-20208.3484,-31902.2588,26,27,,,
29,-20155.1097,-31907.7822,27,28,,,
30,-20100.0296,-31911.1795,28,29,,,
31,-20092.9185,-31911.1401,29,30,,,
32,-20087.2463,-31911.2861,30,31,,,
33,-20026.7938,-31907.418,31,32,,,
34,-20000.6152,-31905.0587,32,33,,,
35,-19959.9709,-31902.9426,33,34,,,
36,-19954.7586,-31902.4329,34,35,,,
37,-19949.2836,-31901.7242,35,36,,,
38,-19928.4717,-31900.1513,36,37,,,
39,-19878.8504,-31897.0011,37,38,,,
40,-19873.0682,-31896.4927,38,39,,,
41,-19838.7924,-31894.0733,39,40,,,
42,-19794.7442,-31890.9324,40,41,,,
43,-19786.3562,-31890.341,41,42,,,
44,-19778.1311,-31889.7381,42,43,,,
45,-19770.8386,-31889.5103,43,44,,,
46,-19713.4445,-31885.6665,44,45,54,,
47,-19717.4729,-31833.7971,45,46,1921,,
48,-19718.9505,-31814.7468,46,47,,,
49,-19719.5509,-31808.1118,47,48,,,
50,-19652.7351,-31802.3251,48,49,1665,1666,
51,-19565.8776,-31795.2952,49,78,389,1569,
52,-19423.0936,-32202.7497,50,313,1793,1794,
53,-19428.6875,-32187.429,50,51,,,
54,-19435.2647,-32158.3727,51,52,,,
55,-19443.379,-32128.9137,52,53,270,,
56,-19447.079,-32103.9238,53,350,1933,,
57,-19645.1025,-31881.3918,54,55,1663,1664,
58,-19592.4504,-31878.1691,55,56,714,,
59,-19564.0841,-31876.4346,56,57,77,78,
60,-19535.4656,-31875.244,57,58,388,396,
61,-19483.1782,-31873.229,58,59,,,
62,-19450.1842,-31877.6499,59,60,397,,
63,-19413.7657,-31884.0748,60,61,,,
64,-19408.1044,-31885.0745,61,62,200,201,
65,-19402.9494,-31885.8956,62,63,,,
66,-19350.3499,-31894.308,63,456,457,,
67,-19504.1265,-32245.9908,64,1790,1791,,
68,-19516.0963,-32208.9466,64,65,1928,,
69,-19531.7953,-32160.3685,65,66,268,,
70,-19534.6952,-32158.3986,66,67,1670,,
71,-19545.5417,-32124.9178,67,68,,,
72,-19547.494,-32119.9659,68,69,219,220,
73,-19548.627,-32116.813,69,70,,,
74,-19555.1646,-32098.7056,70,71,,,
75,-19558.5364,-32080.9824,71,72,560,,
76,-19558.6922,-32069.5672,72,73,,,
77,-19559.5001,-32037.9389,73,74,277,278,
78,-19560.208,-31997.891,74,75,742,,
79,-19560.3473,-31983.0702,75,76,698,,
80,-19560.7512,-31956.9893,76,77,340,373,
81,-19375.2087,-31660.9092,79,188,189,1760,
82,-19391.5727,-31660.097,79,80,1830,,
83,-19404.1741,-31659.7477,80,81,1558,1559,
84,-19416.837,-31658.4998,81,82,1910,,
85,-19426.416,-31657.78,82,83,1689,,
86,-19451.8877,-31655.8495,83,84,136,137,
87,-19498.4253,-31652.0312,84,85,1554,,
88,-19529.9844,-31649.6101,85,86,,,
89,-19570.7605,-31646.4364,86,87,1571,1572,
90,-19633.5691,-31652.998,88,89,,,
91,-19663.77,-31662.3049,89,90,1669,,
92,-19680.0923,-31667.1941,90,91,1916,,
93,-19726.4249,-31681.0576,91,,,,
94,-19581.7601,-32294.0862,92,1785,1786,,
95,-19589.8131,-32261.5988,92,93,557,,
96,-19590.4238,-32259.5452,93,94,1927,,
97,-19599.3505,-32229.4076,94,462,1671,1679,
98,-18434.0545,-31520.3104,95,,,,
99,-18435.835,-31523.8565,95,96,,,
100,-18436.4164,-31525.009,96,97,,,
101,-18446.8977,-31544.9216,97,98,,,
102,-18464.1258,-31576.9007,98,99,1464,1465,
103,-18471.3478,-31591.2624,99,100,,,
104,-18479.016,-31606.9876,100,101,1424,,
105,-18488.0311,-31630.8524,101,102,114,,
106,-18495.6371,-31651.4587,102,103,,,
107,-18501.2638,-31664.2818,103,104,1457,,
108,-18516.3036,-31700.8579,104,105,,,
109,-18523.8414,-31714.7197,105,106,1427,1428,
110,-18558.3614,-31778.2558,106,479,1862,,
111,-18338.6313,-31564.7475,107,,,,
112,-18341.7239,-31568.4684,107,108,,,
113,-18342.6853,-31569.6201,108,109,,,
114,-18381.2447,-31605.6708,109,110,1331,,
115,-18406.3675,-31631.8097,110,111,1463,,
116,-18436.1325,-31662.7866,111,112,1324,,
117,-18439.6657,-31660.8047,112,113,1293,,
118,-18449.452,-31655.3154,113,114,,,
119,-18875.5829,-31888.4188,115,1403,1404,,
120,-18880.0818,-31851.3249,115,116,1439,1883,
121,-18875.1994,-31831.4563,116,117,,,
122,-18871.3134,-31812.1292,117,118,1446,,
123,-18866.6867,-31789.0985,118,119,,,
124,-18864.3377,-31782.1148,119,120,,,
125,-18859.2108,-31774.8708,120,121,1246,,
126,-18853.6715,-31769.3915,121,122,1522,,
127,-18851.1953,-31762.1196,122,123,,,
128,-18850.4713,-31753.5128,123,124,1421,,
129,-18850.0842,-31716.0299,124,125,1520,,
130,-18849.7871,-31686.8888,125,126,501,502,
131,-18848.1891,-31667.1353,126,127,,,
132,-18842.7276,-31621.554,127,128,1540,,
133,-18842,-31615.4543,128,129,1385,,
134,-18836.1519,-31571.0053,129,130,,,
135,-18830.2538,-31528.5088,130,131,,,
136,-18822.8474,-31495.7442,131,132,,,
137,-18801.4697,-31435.709,132,133,,,
138,-18781.661,-31381.7383,133,134,,,
139,-18779.932,-31376.9053,134,,,,
140,-19458.2634,-31559.8574,135,,,,
141,-19454.337,-31621.7104,135,136,,,
142,-19449.5382,-31694.2259,137,138,1565,1566,
143,-19447.3509,-31728.2201,138,139,411,412,
144,-19445.3221,-31768.4927,139,140,,,
145,-19445.2789,-31769.4135,140,141,1941,,
146,-19444.6477,-31782.76,141,142,392,,
147,-19442.4897,-31792.9372,142,143,,,
148,-19440.3731,-31801.4059,143,144,,,
149,-19436.9426,-31808.9013,144,145,,,
150,-19433.6411,-31813.3458,145,146,,,
151,-19429.6779,-31817.1927,146,147,,,
152,-19422.8215,-31821.8779,147,148,,,
153,-19414.9753,-31824.9013,148,149,,,
154,-19399.2512,-31828.8404,149,150,197,198,
155,-19378.8978,-31834.1098,150,1863,,,
156,-19275.8364,-31380.89,151,,,,
157,-19275.7577,-31382.1437,151,152,,,
158,-19275.5928,-31385.3388,152,153,,,
159,-19275.125,-31390.72,153,154,,,
160,-19269.8718,-31458.7547,154,155,,,
161,-19269.4194,-31462.8935,155,156,,,
162,-19268.1616,-31483.585,156,157,,,
163,-19263.4903,-31540.4587,157,158,,,
164,-19262.8333,-31546.2063,158,159,,,
165,-19262.2126,-31551.9983,159,160,,,
166,-19262.2962,-31573.8628,160,161,,,
167,-19264.6301,-31590.4753,161,162,1912,,
168,-19270.2538,-31605.5941,162,163,1913,,
169,-19285.4336,-31634.3923,163,164,1552,1553,
170,-19289.9729,-31641.7483,164,165,,,
171,-19316.8201,-31681.6031,165,166,1762,1763,
172,-19331.6794,-31704.3783,166,167,,,
173,-19336.0077,-31710.3148,167,168,,,
174,-19338.7277,-31713.0157,168,169,,,
175,-19341.9086,-31715.5269,169,170,,,
176,-19345.2427,-31717.7161,170,171,,,
177,-19348.8022,-31719.6052,171,172,,,
178,-19353.492,-31721.2146,172,173,,,
179,-19358.0174,-31722.1144,173,174,,,
180,-19367.0027,-31722.9046,174,175,,,
181,-19371.8164,-31723.2158,175,192,193,410,
182,-19392.2968,-31366.1931,176,,,,
183,-19392.0523,-31370.2315,176,177,,,
184,-19390.6461,-31393.2418,177,178,,,
185,-19390.2704,-31399.3106,178,179,,,
186,-19390.0738,-31404.5803,179,180,,,
187,-19385.8411,-31471.3815,180,181,,,
188,-19384.0207,-31507.771,181,182,,,
189,-19383.1636,-31521.2511,182,183,1555,,
190,-19381.321,-31547.4572,183,184,,,
191,-19380.9928,-31554.6019,184,185,,,
192,-19380.6742,-31562.0017,185,186,,,
193,-19378.6766,-31595.929,186,187,1761,,
194,-19376.9383,-31628.5134,187,188,1914,,
195,-19374.0519,-31665.6041,189,190,,,
196,-19373.1381,-31686.3281,190,191,1829,,
197,-19371.7157,-31718.568,191,192,,,
198,-19372.0876,-31727.2753,193,194,,,
199,-19374.7423,-31737.3976,194,195,1766,,
200,-19385.2146,-31777.0106,195,196,1940,,
201,-19394.2914,-31811.3685,196,197,,,
202,-19405.9492,-31855.1832,198,199,,,
203,-19407.5774,-31879.8841,199,200,,,
204,-19408.5059,-31890.7644,201,202,,,
205,-19410.998,-31925.7912,202,203,883,,
206,-19412.7276,-31943.0927,203,204,364,365,
207,-19415.1977,-31955.5893,204,205,,,
208,-19421.8505,-31990.1078,205,206,,,
209,-19428.5751,-32024.3709,206,274,275,1932,
210,-19665.5937,-32310.2301,207,214,215,,
211,-19688.6696,-32324.589,207,208,,,
212,-19712.5474,-32349.7064,208,209,,,
213,-19719.4323,-32349.5691,209,210,,,
214,-19726.9233,-32361.6329,210,211,,,
215,-19728.9258,-32362.9486,211,212,,,
216,-19735.704,-32367.7479,212,,,,
217,-19655.1679,-32353.816,213,1782,1783,,
218,-19661.3558,-32328.9869,213,214,,,
219,-19667.7177,-32301.0514,215,216,448,,
220,-19677.3412,-32258.8761,216,460,1680,,
221,-19449.786,-32088.2765,217,1929,1934,,
222,-19488.5606,-32099.6951,217,218,,,
223,-19543.4196,-32118.5661,218,219,,,
224,-19552.7542,-32121.6405,220,221,,,
225,-19567.1345,-32127.6213,221,222,,,
226,-19580.3407,-32130.3988,222,223,,,
227,-19624.5679,-32136.2693,223,545,1657,1676,
228,-18883.8424,-31998.8225,224,1821,1822,,
229,-18882.5752,-32032.5817,224,225,958,,
230,-18882.1048,-32058.1413,225,226,,,
231,-18885.1218,-32077.1597,226,227,946,,
232,-18885.9379,-32082.294,227,228,1709,,
233,-18888.5988,-32095.5336,228,229,679,,
234,-18889.2658,-32098.5828,229,230,947,,
235,-18901.1035,-32147.1567,230,231,807,808,
236,-18906.8741,-32171.9154,231,232,798,799,
237,-18916.1309,-32215.0037,232,233,685,686,
238,-18920.9207,-32237.9896,233,234,,,
239,-18916.5389,-32279.1656,234,235,917,,
240,-18913.6796,-32329.9894,235,236,731,732,
241,-18908.0473,-32366.032,236,237,868,,
242,-18900.7101,-32421.4357,237,238,,,
243,-18895.6608,-32450.8876,238,239,,,
244,-18892.6355,-32474.833,239,240,,,
245,-18892.1372,-32478.7611,240,241,,,
246,-18891.2474,-32485.7849,241,242,,,
247,-18890.767,-32489.602,242,243,,,
248,-18896.1379,-32513.5407,243,244,,,
249,-18898.4089,-32522.0443,244,245,,,
250,-18903.3844,-32534.4469,245,246,,,
251,-18908.1503,-32546.129,246,247,,,
252,-18914.8323,-32556.8973,247,,,,
253,-18832.1478,-32643.6217,248,,,,
254,-18825.031,-32636.9032,248,249,,,
255,-18822.162,-32627.946,249,250,,,
256,-18820.0693,-32605.3426,250,251,,,
257,-18816.552,-32542.3521,251,252,,,
258,-18812.5185,-32470.5991,252,253,,,
259,-18812.1661,-32466.5398,253,254,,,
260,-18810.0698,-32442.1837,254,255,,,
261,-18808.4374,-32423.3066,255,256,,,
262,-18806.6101,-32402.0671,256,257,833,,
263,-18805.8123,-32392.7838,257,258,,,
264,-18805.3672,-32387.6597,258,259,,,
265,-18804.1451,-32378.7989,259,260,,,
266,-18802.2394,-32337.6474,260,261,,,
267,-18802.1363,-32335.9503,261,262,848,,
268,-18798.0483,-32323.8563,262,263,1979,1980,
269,-18795.0158,-32297.4167,263,264,,,
270,-18795.1233,-32292.6575,264,265,1754,,
271,-18800.9549,-32282.2176,265,266,,,
272,-18811.4006,-32263.1597,266,924,925,1904,
273,-19457.3975,-32246.4261,267,315,316,,
274,-19402.8259,-32218.624,267,309,310,,
275,-19501.5546,-32150.0961,268,269,,,
276,-19489.4564,-32145.1085,269,270,318,,
277,-19318.6398,-32010.711,271,347,359,374,
278,-19331.112,-32013.0467,271,272,,,
279,-19378.2051,-32018.3132,272,273,886,887,
280,-19414.91,-32022.637,273,274,,,
281,-19476.4822,-32029.4465,275,276,400,,
282,-19516.4897,-32033.9068,276,277,789,,
283,-19600.2862,-32042.5968,278,279,724,,
284,-19632.955,-32046.3407,279,280,1658,1659,
285,-19702.1372,-32053.5866,280,,,,
286,-19285.3502,-32262.5869,281,289,327,738,
287,-19279.0687,-32248.8561,281,282,,,
288,-19270.0841,-32240.3339,282,283,1609,,
289,-19251.9087,-32211.52,283,284,,,
290,-19254.2005,-32208.6197,284,285,423,,
291,-19278.6333,-32190.0079,285,286,,,
292,-19296.9129,-32175.1366,286,287,,,
293,-19307.6998,-32167.9581,287,288,,,
294,-19330.8198,-32153.1428,288,1797,1798,,
295,-19321.6593,-32234.2204,289,290,,,
296,-19349.4736,-32214.6137,290,291,,,
297,-19361.5957,-32205.6462,291,292,,,
298,-19387.5507,-32184.0134,292,1795,1796,,
299,-19482.4588,-32547.4947,293,,,,
300,-19481.251,-32541.3517,293,294,,,
301,-19472.466,-32516.722,294,295,,,
302,-19460.0486,-32481.8946,295,296,,,
303,-19456.7616,-32472.406,296,297,,,
304,-19440.6726,-32430.0432,297,298,,,
305,-19438.5613,-32424.468,298,299,573,,
306,-19422.3424,-32376.4147,299,300,,,
307,-19420.1371,-32373.3356,300,301,321,,
308,-19398.8414,-32291.5036,301,302,1944,,
309,-19396.8979,-32284.0089,302,303,,,
310,-19394.0676,-32272.3118,303,304,314,,
311,-19389.3929,-32252.8979,304,305,,,
312,-19385.9034,-32237.5969,305,306,744,,
313,-19389.3656,-32232.0983,306,307,,,
314,-19393.8571,-32225.6212,307,308,,,
315,-19399.6456,-32220.6166,308,309,,,
316,-19410.8365,-32216.1438,310,311,,,
317,-19416.5848,-32213.4578,311,312,,,
318,-19420.1921,-32208.1474,312,313,,,
319,-19451.5337,-32262.4907,314,315,,,
320,-19464.8238,-32229.1821,316,317,,,
321,-19464.7593,-32224.5231,317,318,1791,1792,
322,-19332.1291,-32405.5313,319,322,,,
323,-19346.3232,-32400.6527,319,320,,,
324,-19376.9429,-32389.4041,320,321,,,
325,-19322.7009,-32376.155,322,323,,,
326,-19308.3262,-32322.917,323,324,1954,,
327,-19303.4922,-32305.0342,324,325,,,
328,-19301.5508,-32298.4713,325,326,,,
329,-19300.5925,-32294.6241,326,327,328,,
330,-19285.9701,-32298.0281,328,329,,,
331,-19253.4324,-32305.032,329,330,,,
332,-19235.2972,-32307.3564,330,331,,,
333,-19230.5143,-32304.7044,331,332,,,
334,-19226.7175,-32285.2553,332,333,741,,
335,-19221.9417,-32260.7387,333,334,1606,1607,
336,-19216.4392,-32234.8924,334,335,719,,
337,-19212.0623,-32210.7632,335,336,716,,
338,-19205.0357,-32174.5925,336,337,690,,
339,-19197.2956,-32130.6138,337,338,707,,
340,-19195.387,-32105.6694,338,339,,,
341,-19194.018,-32083.4306,339,1805,1806,,
342,-19585.6856,-31961.2718,340,341,715,,
343,-19600.0126,-31963.7251,341,342,725,,
344,-19638.6949,-31970.3731,342,343,1661,1662,
345,-19667.393,-31974.7136,343,344,1923,,
346,-19670.9679,-31975.2604,344,345,718,,
347,-19690.2997,-31978.4345,345,346,,,
348,-19707.1162,-31981.5477,346,,,,
349,-19320.318,-32016.8973,347,348,,,
350,-19339.5832,-32064.323,348,349,829,,
351,-19350.4331,-32090.2352,349,355,356,,
352,-19423.8273,-32103.8859,350,351,827,,
353,-19400.8743,-32103.8474,351,352,,,
354,-19376.0612,-32097.2456,352,353,832,,
355,-19371.1185,-32095.9363,353,354,885,,
356,-19357.1966,-32092.6166,354,355,,,
357,-19330.8173,-32085.4857,356,357,,,
358,-19322.5512,-32116.0209,357,358,,,
359,-19315.7289,-32144.878,358,1799,1800,,
360,-19332.1215,-31998.8675,359,360,,,
361,-19352.7539,-31980.3191,360,361,,,
362,-19368.6513,-31968.559,361,362,888,,
363,-19376.3651,-31962.8514,362,363,,,
364,-19389.9343,-31953.8807,363,364,,,
365,-19418.2977,-31941.7494,365,366,,,
366,-19427.9989,-31938.8217,366,367,,,
367,-19442.0661,-31938.3139,367,368,,,
368,-19452.2632,-31938.7686,368,369,,,
369,-19462.5125,-31938.2692,369,370,397,398,
370,-19474.7417,-31941.2486,370,371,,,
371,-19510.5013,-31947.7927,371,372,393,,
372,-19531.481,-31951.6292,372,373,1936,,
373,-19277.4564,-32052.1114,374,375,828,,
374,-19272.8311,-32055.283,375,376,,,
375,-19256.282,-32058.7134,376,377,,,
376,-19248.4681,-32060.0393,377,378,644,,
377,-19237.325,-32061.4723,378,379,,,
378,-19221.7576,-32062.8039,379,380,645,,
379,-19212.3835,-32066.4739,380,381,,,
380,-19206.3788,-32071.8892,381,382,,,
381,-19199.9567,-32080.9551,382,383,,,
382,-19198.4365,-32084.9963,383,1804,1805,,
383,-19543.1067,-31700.9426,384,1567,1568,,
384,-19541.9515,-31735.1009,384,385,414,415,
385,-19538.5406,-31792.571,385,386,389,390,
386,-19538.1851,-31799.5494,386,387,,,
387,-19536.9343,-31835.5495,387,388,1688,,
388,-19520.6509,-31790.8244,390,391,1937,,
389,-19500.6438,-31788.8827,391,392,1686,1687,
390,-19511.2347,-31906.8795,393,394,,,
391,-19523.7013,-31906.7634,394,395,1935,,
392,-19533.8339,-31906.6745,395,396,1936,,
393,-19463.6922,-31948.1728,398,399,,,
394,-19468.7201,-31980.1211,399,400,696,,
395,-19567.7294,-31736.5418,401,415,1569,1570,
396,-19617.7126,-31740.1699,401,402,1918,,
397,-19657.2627,-31742.8557,402,403,1667,1668,
398,-19723.0715,-31747.6019,403,404,,,
399,-19775.9955,-31751.3778,404,405,,,
400,-19780.7821,-31751.7222,405,406,,,
401,-19787.316,-31752.6394,406,407,,,
402,-19796.0385,-31753.1857,407,408,,,
403,-19802.9242,-31753.6474,408,409,,,
404,-19843.895,-31756.4513,409,,,,
405,-19376.9018,-31723.715,410,411,,,
406,-19501.2156,-31732.04,412,413,1685,1686,
407,-19515.2858,-31733.0963,413,414,1942,,
408,-19174.0998,-32374.3916,416,422,,,
409,-19166.4925,-32370.958,416,417,,,
410,-19151.3049,-32364.0797,417,418,,,
411,-19146.2148,-32361.5948,418,419,1610,1696,
412,-19133.7432,-32355.5093,419,420,,,
413,-19119.2767,-32347.3426,420,421,1633,,
414,-19114.4575,-32344.6241,421,1598,1599,,
415,-19179.1839,-32353.1372,422,657,,,
416,-19247.3466,-32202.1562,423,424,,,
417,-19230.9524,-32201.9698,424,425,,,
418,-19251.5471,-32249.2264,425,1608,1609,,
419,-19701.9508,-32218.3315,426,1684,,,
420,-19675.225,-32206.1994,426,427,,,
421,-19662.5328,-32202.6666,427,428,1752,,
422,-19654.7743,-32200.4984,428,429,1747,,
423,-19633.6538,-32194.6103,429,430,,,
424,-19611.9138,-32186.8376,430,1675,1679,,
425,-18780.8782,-31982.5343,431,1826,,,
426,-18778.5253,-31982.273,431,432,933,934,
427,-18750.9491,-31977.7498,432,433,1773,,
428,-18747.7181,-31977.2242,433,434,,,
429,-18697.3079,-31968.8996,434,435,1500,,
430,-18683.0267,-31966.6223,435,436,,,
431,-18676.1943,-31965.7492,436,437,823,,
432,-18671.4878,-31964.8273,437,438,,,
433,-18666.4099,-31963.6288,438,439,1318,,
434,-18659.958,-31963.0434,439,440,,,
435,-18628.6675,-31960.4356,440,441,,,
436,-18601.7874,-31959.9484,441,442,1247,,
437,-18563.3424,-31958.1763,442,443,1215,,
438,-18552.1225,-31957.4676,443,444,,,
439,-18540.6858,-31956.9368,444,445,1232,,
440,-18513.4422,-31955.6736,445,446,1272,,
441,-18493.3915,-31954.5617,446,447,,,
442,-18474.4785,-31952.4268,447,1833,1834,1853,
443,-19633.2717,-32291.9092,448,449,,,
444,-19624.3969,-32329.0909,449,1783,1784,,
445,-19565.1564,-32170.179,450,1670,1674,,
446,-19553.0414,-32211.0063,450,1671,1672,,
447,-19322.2173,-31995.8606,451,452,614,,
448,-19334.8895,-31952.969,452,453,884,,
449,-19337.3809,-31946.2412,453,454,,,
450,-19341.4279,-31930.9349,454,455,883,,
451,-19345.154,-31913.7213,455,456,831,,
452,-19356.5874,-31871.2318,457,458,1417,,
453,-19372.9942,-31835.9974,458,459,,,
454,-19375.6611,-31830.922,459,1863,1864,,
455,-19642.4612,-32245.6637,460,461,1747,,
456,-19632.9444,-32242.0795,461,462,1926,,
457,-18720.4046,-31466.5085,463,,,,
458,-18733.4005,-31503.1329,463,464,,,
459,-18733.1412,-31526.0297,464,465,,,
460,-18732.5336,-31529.603,465,466,,,
461,-18722.8571,-31548.4152,466,467,,,
462,-18717.5428,-31559.4752,467,468,,,
463,-18707.8236,-31579.4856,468,469,1375,,
464,-18693.0031,-31608.6696,469,470,1372,,
465,-18691.5707,-31611.5346,470,471,1379,,
466,-18663.1335,-31666.0175,471,472,,,
467,-18658.4356,-31669.078,472,473,492,493,
468,-18640.1775,-31689.8827,473,474,,,
469,-18629.5251,-31713.7443,474,475,1275,,
470,-18616.2916,-31731.9981,475,476,,,
471,-18610.9461,-31741.2277,476,477,1304,1305,
472,-18594.954,-31751.2007,477,478,1748,,
473,-18569.9176,-31766.8278,478,479,1345,1903,
474,-18519.9591,-31479.9078,480,,,,
475,-18521.3767,-31482.9777,480,481,,,
476,-18521.8948,-31484.1081,481,482,,,
477,-18530.1261,-31500.9303,482,483,,,
478,-18542.7016,-31527.1949,483,484,1466,,
479,-18555.6274,-31543.619,484,485,,,
480,-18566.7846,-31557.7949,485,486,,,
481,-18571.0368,-31562.2344,486,487,,,
482,-18578.2991,-31569.818,487,488,1491,,
483,-18589.9224,-31581.9518,488,489,527,,
484,-18604.6029,-31598.0949,489,490,1397,,
485,-18617.9233,-31612.7432,490,491,,,
486,-18629.3536,-31627.6839,491,492,1432,,
487,-18683.2466,-31671.2222,493,494,1355,,
488,-18724.3972,-31673.8534,494,495,1297,,
489,-18739.86,-31674.6971,495,496,1378,,
490,-18764.4835,-31673.7244,496,497,1367,,
491,-18775.2234,-31674.3229,497,498,,,
492,-18779.8381,-31674.6792,498,499,1262,,
493,-18817.6963,-31677.6164,499,500,1419,,
494,-18839.1228,-31679.2793,500,501,,,
495,-18868.1461,-31692.5073,502,503,,,
496,-18877.2252,-31690.6576,503,504,,,
497,-18888.6246,-31686.5844,504,505,1376,,
498,-18896.4443,-31683.8388,505,506,1359,,
499,-18926.0613,-31674.2135,506,507,,,
500,-18930.3918,-31672.8065,507,508,1721,1722,
501,-18935.2061,-31669.2131,508,509,,,
502,-18943.0824,-31663.3502,509,510,,,
503,-18952.6125,-31656.5964,510,511,,,
504,-18972.2611,-31647.6355,511,512,,,
505,-18995.2004,-31645.989,512,513,1361,,
506,-19011.4547,-31644.6785,513,514,1450,,
507,-19027.1991,-31641.805,514,515,1548,,
508,-19041.1374,-31636.2951,515,516,,,
509,-19052.1629,-31630.8691,516,517,1380,,
510,-19057.5105,-31627.0748,517,518,638,,
511,-19080.4854,-31612.6155,518,519,,,
512,-19089.4271,-31605.7739,519,520,1410,,
513,-19092.2383,-31604.6919,520,521,1498,,
514,-19104.9656,-31599.8057,521,522,,,
515,-19122.5966,-31595.031,522,523,1396,,
516,-19132.8916,-31590.7268,523,524,1444,,
517,-19141.9845,-31586.9355,524,525,1356,,
518,-19179.0624,-31567.9861,525,526,,,
519,-19184.0327,-31565.4572,526,1876,1877,,
520,-18612.4777,-31548.2479,527,528,,,
521,-18629.3249,-31519.1152,528,529,,,
522,-18645.4338,-31491.7035,529,530,,,
523,-18653.1988,-31467.2933,530,531,,,
524,-18662.2022,-31425.187,531,532,,,
525,-18663.7548,-31419.2821,532,,,,
526,-19783.0241,-31718.5042,533,,,,
527,-19735.9728,-31715.2033,533,534,,,
528,-19725.3499,-31714.3728,534,535,,,
529,-19720.7077,-31713.8617,535,536,,,
530,-19663.2776,-31709.5962,536,537,,,
531,-19660.3365,-31709.2144,537,538,1668,1669,
532,-19657.0612,-31709.0775,538,539,,,
533,-19568.6504,-31702.9053,539,1568,1570,1571,
534,-19535.9072,-32331.0054,540,544,1987,,
535,-19549.7652,-32346.1614,540,541,,,
536,-19558.922,-32354.6719,541,542,,,
537,-19561.1611,-32356.6859,542,565,566,,
538,-19577.5376,-32291.1781,543,1786,1787,,
539,-19573.9092,-32295.113,543,544,,,
540,-19609.6404,-32185.7001,545,1673,1675,,
541,-19514.1973,-32386.4412,546,569,570,,
542,-19511.9453,-32382.6967,546,547,,,
543,-19502.2941,-32363.2494,547,548,,,
544,-19496.2712,-32352.1806,548,549,,,
545,-19492.5348,-32339.8865,549,550,,,
546,-19490.5633,-32327.9324,550,551,,,
547,-19491.2343,-32312.1121,551,552,,,
548,-19493.2131,-32298.5741,552,553,1750,,
549,-19494.0154,-32293.1256,553,554,,,
550,-19498.3897,-32274.4795,554,555,,,
551,-19501.9937,-32259.4403,555,556,,,
552,-19505.4856,-32246.853,556,1789,1790,,
553,-19607.9192,-32270.7773,557,,,,
554,-19374.2095,-32061.2746,558,885,886,,
555,-19441.1272,-32063.236,558,559,1931,1932,
556,-19498.0392,-32069.512,559,560,,,
557,-19629.4937,-32088.9572,561,1657,1658,,
558,-19700.15,-32095.8116,561,,,,
559,-19608.4804,-32315.9363,562,1784,1785,,
560,-19582.193,-32338.6021,562,563,1693,,
561,-19573.0799,-32345.7995,563,564,,,
562,-19564.9264,-32353.2498,564,565,574,,
563,-19542.5721,-32370.7153,566,567,,,
564,-19524.9346,-32381.3037,567,568,,,
565,-19518.4088,-32384.3021,568,569,,,
566,-19503.4167,-32392.4219,570,571,,,
567,-19493.1872,-32398.0686,571,572,,,
568,-19473.9635,-32407.429,572,573,,,
569,-19567.1314,-32356.1736,574,575,,,
570,-19584.3177,-32378.9543,575,576,1694,,
571,-19591.8608,-32390.1085,576,577,,,
572,-19601.8782,-32403.1652,577,578,699,,
573,-19627.384,-32440.2931,578,579,,,
574,-19629.7036,-32445.9122,579,,,,
575,-18423.7122,-32600.9155,580,,,,
576,-18428.189,-32586.9288,580,581,,,
577,-18435.547,-32566.1805,581,582,,,
578,-18447.9908,-32528.4601,582,583,,,
579,-18459.0646,-32497.698,583,584,,,
580,-18475.5288,-32457.3291,584,585,,,
581,-18484.2894,-32436.7664,585,586,,,
582,-18505.5223,-32401.1132,586,587,,,
583,-18509.4001,-32395.0483,587,588,594,,
584,-18524.6812,-32368.8699,588,589,,,
585,-18528.0348,-32363.1166,589,590,769,770,
586,-18531.6966,-32357.5624,590,591,,,
587,-18535.8175,-32337.9522,591,592,864,,
588,-18538.4437,-32321.784,592,593,,,
589,-18541.0387,-32307.9677,593,607,608,,
590,-18448.0646,-32363.6381,594,595,596,,
591,-18451.8422,-32331.0829,595,766,767,1135,
592,-18447.7908,-32366.8667,596,597,1097,,
593,-18446.0159,-32387.8476,597,1035,,,
594,-18398.5648,-32241.0173,598,1049,1050,1127,
595,-18413.0814,-32247.5544,598,599,1140,,
596,-18431.7375,-32256.4567,599,600,1102,,
597,-18460.8363,-32270.5733,600,601,1114,,
598,-18471.7163,-32277.2953,601,602,,,
599,-18481.4917,-32283.6425,602,603,1136,1137,
600,-18498.1155,-32294.0354,603,604,1132,,
601,-18505.2895,-32298.0695,604,605,,,
602,-18515.2507,-32302.3861,605,606,1163,,
603,-18532.6607,-32307.9851,606,607,,,
604,-18554.1123,-32307.9514,608,609,1099,,
605,-18580.8376,-32307.5073,609,610,,,
606,-18595.9233,-32309.1841,610,611,1129,,
607,-18605.3091,-32310.8506,611,612,1012,,
608,-18635.7524,-32314.4364,612,613,1100,,
609,-18647.7894,-32316.2637,613,1111,1956,1962,
610,-19319.8424,-31993.7691,614,615,,,
611,-19288.9883,-31992.261,615,616,874,,
612,-19253.9624,-31990.3291,616,617,644,,
613,-19227.1426,-31988.4792,617,618,646,,
614,-19210.2402,-31991.6108,618,619,,,
615,-19195.1485,-31991.1664,619,620,647,,
616,-19192.1635,-31991.4058,620,621,,,
617,-19159.0125,-31990.4347,621,622,643,,
618,-19141.3841,-31988.3317,622,623,,,
619,-19136.7168,-31980.4101,623,624,847,,
620,-19131.9902,-31940.7623,624,625,841,,
621,-19128.152,-31910.3309,625,626,1751,,
622,-19122.3714,-31881.1684,626,627,873,,
623,-19136.6779,-31874.2043,627,628,,,
624,-19137.6914,-31870.131,628,629,,,
625,-19122.7897,-31823.361,629,630,1482,,
626,-19121.214,-31818.428,630,631,,,
627,-19107.9771,-31775.8587,631,632,1896,,
628,-19100.9715,-31753.3214,632,633,1528,,
629,-19095.1946,-31734.1649,633,634,1489,,
630,-19085.6637,-31702.6142,634,635,1391,,
631,-19083.5953,-31695.7409,635,636,1440,,
632,-19082.9119,-31693.4905,636,637,,,
633,-19069.556,-31654.2938,637,638,,,
634,-19159.7057,-32177.5414,639,691,692,,
635,-19156.3502,-32131.9003,639,640,706,707,
636,-19155.3307,-32074.5065,640,641,,,
637,-19154.0613,-32069.0181,641,642,1807,1808,
638,-19154.0075,-32065.0358,642,643,,,
639,-19223.7439,-32019.1259,645,646,,,
640,-19187.5073,-32080.7823,647,1806,1807,,
641,-19202.8488,-32481.2674,648,,,,
642,-19214.3935,-32451.9343,648,649,,,
643,-19222.714,-32425.2706,649,650,,,
644,-19175.1459,-32402.1444,650,651,,,
645,-19136.7053,-32382.3483,651,652,1698,1699,
646,-19124.6133,-32376.1179,652,653,,,
647,-19100.0669,-32363.3026,653,1596,1597,,
648,-19111.7185,-32240.6317,654,,,,
649,-19156.8343,-32238.8705,654,721,722,,
650,-19254.8795,-32354.9036,655,672,673,,
651,-19225.6506,-32352.4377,655,656,,,
652,-19202.5424,-32352.0994,656,657,,,
653,-18997.6276,-32226.644,658,,,,
654,-19054.3326,-32224.6588,658,659,777,778,
655,-19095.7834,-32222.5952,659,660,,,
656,-19100.2117,-32220.3005,660,661,,,
657,-19098.9524,-32202.6651,661,662,,,
658,-19149.3593,-32200.2714,662,663,,,
659,-19147.0238,-32178.678,663,692,693,,
660,-19007.0068,-32314.0268,664,674,,,
661,-19001.4605,-32305.4748,664,665,,,
662,-18996.5372,-32292.107,665,666,,,
663,-18995.6091,-32281.2044,666,667,976,,
664,-18994.9852,-32268.6926,667,668,,,
665,-18994.3665,-32258.5881,668,669,977,,
666,-18993.4465,-32230.2915,669,670,,,
667,-18960.7696,-32231.404,670,671,,,
668,-18944.3926,-32235.1219,671,945,,,
669,-19251.5805,-32385.6832,672,,,,
670,-19257.0706,-32334.7537,673,,,,
671,-19048.233,-32312.4631,674,775,776,,
672,-19643.3037,-31918.9129,675,1662,1663,,
673,-19681.072,-31921.4805,675,,,,
674,-18963.2762,-32091.7914,676,825,826,,
675,-18935.4753,-32092.4719,676,677,788,,
676,-18926.6191,-32092.99,677,678,805,,
677,-18901.4348,-32094.5301,678,679,982,,
678,-19053.911,-32184.1808,680,779,780,,
679,-19019.5975,-32185.6854,680,681,,,
680,-18990.4563,-32190.0741,681,682,712,,
681,-18957.322,-32201.5043,682,683,,,
682,-18938.9615,-32208.4323,683,684,,,
683,-18919.1241,-32214.3317,684,685,,,
684,-18912.9385,-32215.6428,686,687,,,
685,-18875.7312,-32222.1116,687,688,,,
686,-18838.2601,-32227.9042,688,689,,,
687,-18832.9617,-32203.9098,689,793,794,1128,
688,-19177.1298,-32177.0268,690,691,,,
689,-19112.9109,-32176.6882,693,694,,,
690,-19094.7705,-32176.4943,694,695,,,
691,-19053.7902,-32178.4792,695,780,781,,
692,-19491.7143,-31982.5666,696,697,,,
693,-19493.0428,-31973.6559,697,698,,,
694,-19618.5609,-32390.4045,699,700,,,
695,-19602.4157,-32367.9322,700,1693,1695,,
696,-18851.3156,-32189.6051,701,794,795,,
697,-18837.3137,-32161.3473,701,702,809,,
698,-18829.2612,-32144.1367,702,703,994,,
699,-18808.6311,-32096.0916,703,1705,1706,,
700,-19052.9446,-32138.5568,704,782,783,,
701,-19104.6938,-32133.6645,704,705,709,,
702,-19106.9552,-32133.4488,705,706,,,
703,-18965.5765,-32414.8634,708,,,,
704,-18969.8906,-32337.8899,708,727,728,,
705,-19099.8008,-32100.7394,709,710,,,
706,-19097.4988,-32077.8481,710,711,,,
707,-19096.9235,-32050.1386,711,1809,1810,,
708,-18986.7069,-32150.2355,712,713,748,,
709,-18983.0267,-32117.3189,713,802,803,,
710,-19588.9536,-31921.1517,714,715,1922,,
711,-19177.0742,-32214.1113,716,717,,,
712,-19177.5929,-32236.4407,717,719,720,,
713,-19672.2029,-31948.745,718,,,,
714,-19158.9754,-32237.4349,720,721,,,
715,-19158.1601,-32270.5164,722,1601,1602,,
716,-18870.8115,-32146.4668,723,808,809,,
717,-18873.2923,-32181.3495,723,796,797,,
718,-19601.2845,-32007.0854,724,725,742,743,
719,-19045.7872,-32332.2031,726,774,775,,
720,-19001.6821,-32337.1674,726,727,,,
721,-18955.5146,-32338.1313,728,729,,,
722,-18943.4103,-32338.7451,729,730,971,,
723,-18940.1442,-32338.7743,730,731,,,
724,-18886.1542,-32324.3905,732,733,,,
725,-18875.8435,-32321.7501,733,734,,,
726,-18870.0174,-32330.5038,734,735,,,
727,-18863.348,-32342.6539,735,736,,,
728,-18857.9751,-32351.8172,736,737,,,
729,-18854.5275,-32360.1222,737,867,868,,
730,-19282.9557,-32263.9898,738,739,,,
731,-19271.9857,-32270.2369,739,740,,,
732,-19256.9185,-32277.114,740,741,,,
733,-19635.3188,-32014.7311,743,1660,1661,,
734,-19382.9056,-32240.2991,744,745,1943,,
735,-19364.286,-32256.9351,745,,,,
736,-18742.7718,-32377.065,746,,,,
737,-18737.3784,-32350.8743,746,747,851,852,
738,-18726.9692,-32322.9416,747,1967,1968,,
739,-19053.0347,-32142.6278,748,781,782,,
740,-18093.9567,-32272.4155,749,,,,
741,-18121.5248,-32277.0739,749,750,,,
742,-18127.6696,-32277.86,750,751,,,
743,-18138.1948,-32279.325,751,752,,,
744,-18140.8247,-32282.337,752,753,,,
745,-18145.8653,-32282.9257,753,754,,,
746,-18151.7972,-32281.3273,754,755,,,
747,-18172.5998,-32282.5161,755,756,,,
748,-18193.8147,-32281.8292,756,757,,,
749,-18214.1093,-32282.4199,757,758,,,
750,-18249.2844,-32281.6821,758,759,,,
751,-18275.6922,-32280.8513,759,760,,,
752,-18311.3108,-32280.2122,760,761,,,
753,-18335.8103,-32279.7179,761,762,,,
754,-18339.4044,-32280.8309,762,763,,,
755,-18364.8332,-32292.1932,763,764,,,
756,-18378.8709,-32299.0198,764,765,1044,1045,
757,-18409.5974,-32312.6894,765,766,,,
758,-18466.739,-32337.6302,767,768,,,
759,-18511.9532,-32356.7716,768,769,,,
760,-18552.6688,-32370.5642,770,771,,,
761,-18591.1964,-32380.7115,771,772,1007,1008,
762,-18638.9422,-32385.8474,772,773,,,
763,-18676.4231,-32388.6307,773,1958,,,
764,-19042.4406,-32395.9404,774,1593,1594,,
765,-19054.7051,-32271.7817,776,777,,,
766,-19054.0624,-32191.4798,778,779,,,
767,-19052.5107,-32117.6804,783,784,,,
768,-19052.7577,-32097.8342,784,785,804,,
769,-19053.5558,-32086.1181,785,786,,,
770,-19056.8656,-32043.2249,786,787,,,
771,-19057.1787,-32037.367,787,1811,1812,,
772,-18938.8401,-32007.2471,788,1818,1819,,
773,-19517.4771,-32013.8593,789,,,,
774,-18788.9056,-32253.2013,790,926,1984,,
775,-18799.6041,-32233.9209,790,791,985,,
776,-18806.0258,-32224.4005,791,792,,,
777,-18821.9938,-32211.2989,792,793,,,
778,-18858.942,-32185.074,795,796,,,
779,-18903.2668,-32173.1545,797,798,,,
780,-18928.8172,-32164.9466,799,800,,,
781,-18928.4794,-32146.5327,800,801,806,807,
782,-18965.6168,-32124.4446,801,802,824,,
783,-19008.3715,-32110.4091,803,804,,,
784,-18930.2166,-32142.369,805,806,,,
785,-18765.1824,-32291.3564,810,1972,1983,1986,
786,-18762.3175,-32284.2739,810,811,,,
787,-18740.9595,-32234.2778,811,812,,,
788,-18732.4356,-32216.5468,812,813,1169,,
789,-18725.293,-32201.6748,813,814,989,,
790,-18713.9521,-32178.0592,814,815,978,,
791,-18700.9639,-32149.7769,815,816,956,,
792,-18694.7704,-32134.4481,816,817,1702,,
793,-18681.6914,-32093.0981,817,818,,,
794,-18674.7762,-32074.4096,818,819,1103,,
795,-18672.2907,-32036.8646,819,820,,,
796,-18671.9766,-32025.173,820,821,,,
797,-18675.3547,-31983.8218,821,822,,,
798,-18676.1917,-31973.1373,822,823,,,
799,-18964.0775,-32111.1583,824,825,,,
800,-18964.1998,-32011.6968,826,1817,1818,,
801,-19397.7858,-32189.2936,827,1794,1795,,
802,-19288.5082,-32054.4724,828,829,844,,
803,-19291.8126,-31913.8595,830,875,876,,
804,-19319.0155,-31913.0904,830,831,,,
805,-19358.0744,-32167.4602,832,1796,1797,,
806,-18796.7908,-32400.8233,833,834,,,
807,-18773.0232,-32396.7469,834,835,,,
808,-18772.609,-32376.292,835,836,,,
809,-18774.0068,-32344.1744,836,849,850,1759,
810,-19079.1968,-32044.4527,837,1810,1811,,
811,-19081.4959,-31986.0312,837,838,845,846,
812,-19078.9959,-31946.7224,838,839,,,
813,-19079.5858,-31939.1778,839,840,,,
814,-19080.5734,-31935.6591,840,,,,
815,-19117.3645,-31942.4023,841,842,,,
816,-19115.3617,-31940.8203,842,843,,,
817,-19115.0454,-31936.7942,843,,,,
818,-19272.542,-32122.1975,844,1800,1801,,
819,-19036.2884,-31990.8317,845,1742,1743,,
820,-19118.0653,-31982.1476,846,847,865,,
821,-18796.5165,-32339.623,848,849,,,
822,-18753.3229,-32347.8566,850,851,,,
823,-18702.5845,-32356.5386,852,853,,,
824,-18669.8454,-32362.7642,853,854,,,
825,-18666.1013,-32363.482,854,855,1956,1957,
826,-18661.967,-32363.7015,855,856,,,
827,-18652.8933,-32364.1975,856,857,,,
828,-18638.5083,-32364.4607,857,858,,,
829,-18629.8567,-32363.4694,858,859,,,
830,-18607.7111,-32360.4874,859,860,,,
831,-18594.9394,-32357.8185,860,861,1009,1010,
832,-18576.8947,-32351.6108,861,862,,,
833,-18556.4336,-32345.0532,862,863,,,
834,-18542.3718,-32339.8244,863,864,,,
835,-19113.3828,-32055.439,865,1808,1809,,
836,-18839.3622,-32384.9586,866,1974,1975,,
837,-18847.1363,-32377.4431,866,867,,,
838,-19017.6873,-31927.3965,869,1737,1738,,
839,-19058.1492,-31907.8413,869,870,968,,
840,-19064.6209,-31905.0097,870,871,,,
841,-19074.8794,-31904.5883,871,872,,,
842,-19106.8376,-31889.5993,872,873,,,
843,-19290.8316,-31949.5594,874,875,884,,
844,-19292.4432,-31870.972,876,877,1415,1416,
845,-19292.6588,-31845.313,877,878,,,
846,-19289.0183,-31831.1328,878,879,1357,,
847,-19277.9066,-31796.9124,879,880,1486,1487,
848,-19266.6963,-31758.8761,880,881,,,
849,-19253.3039,-31711.615,881,882,,,
850,-19247.5922,-31693.5122,882,1533,1534,,
851,-19375.3237,-31995.5896,887,888,,,
852,-18731.405,-32319.8816,889,1968,1969,,
853,-18729.6893,-32317.1341,889,890,,,
854,-18725.757,-32297.2968,890,891,,,
855,-18714.9266,-32262.6757,891,892,,,
856,-18713.5292,-32260.7373,892,893,,,
857,-18699.6246,-32261.3657,893,894,,,
858,-18689.8881,-32230.5916,894,1168,1169,,
859,-18821.4012,-31918.8847,895,910,911,,
860,-18836.7394,-31963.125,895,896,,,
861,-18871.0871,-31956.8066,896,915,916,,
862,-18882.8729,-32278.9599,897,918,919,,
863,-18881.9392,-32299.3955,897,,,,
864,-19028.9333,-31965.6216,898,1740,1741,,
865,-19004.5107,-31972.0414,898,899,,,
866,-18999.9492,-31971.2081,899,900,,,
867,-18995.4879,-31962.2654,900,,,,
868,-18901.2731,-32001.5587,901,1820,1821,,
869,-18899.8813,-32023.4818,901,902,,,
870,-18899.0911,-32043.2847,902,,,,
871,-18806.2444,-31934.5914,903,909,910,,
872,-18786.9719,-31882.2726,903,1433,1434,,
873,-18826.9963,-31912.2059,904,911,912,,
874,-18811.3167,-31869.0645,904,1435,1436,,
875,-18877.5896,-32279.1597,905,919,920,,
876,-18881.0276,-32240.8367,905,952,,,
877,-18837.9394,-31991.4432,906,1824,1825,,
878,-18836.0858,-32030.3176,906,907,957,,
879,-18834.6251,-32041.1698,907,,,,
880,-18781.5909,-31951.6605,908,934,935,,
881,-18789.9473,-31945.8744,908,909,1772,,
882,-18850.6895,-31886.12,912,913,1539,,
883,-18861.8757,-31888.0264,913,914,1402,,
884,-18867.362,-31928.0943,914,915,948,,
885,-18877.5974,-31997.6488,916,1822,1823,,
886,-18901.7724,-32278.6424,917,918,,,
887,-18859.658,-32279.3975,920,921,,,
888,-18853.4418,-32279.1445,921,922,,,
889,-18844.2635,-32277.145,922,923,,,
890,-18838.6852,-32274.7718,923,924,950,,
891,-18792.3016,-32254.7027,925,926,,,
892,-18783.4426,-32104.254,927,1704,1705,,
893,-18780.0409,-32087.1445,927,928,,,
894,-18777.8464,-32067.6695,928,929,967,,
895,-18777.543,-32065.385,929,930,1959,,
896,-18775.4878,-32034.7057,930,931,,,
897,-18775.7618,-32018.8308,931,932,969,,
898,-18777.1151,-31987.0904,932,933,,,
899,-18777.8779,-31949.9267,935,936,,,
900,-18763.9686,-31892.416,936,937,1433,,
901,-18755.2122,-31854.4515,937,1254,1255,,
902,-18918.2057,-32004.0297,938,1819,1820,,
903,-18919.4803,-31982.3066,938,939,,,
904,-18903.0695,-31918.9442,939,940,949,,
905,-18901.7833,-31913.9661,940,941,,,
906,-18929.5061,-31902.4035,941,942,,,
907,-18939.7486,-31898.7098,942,963,964,,
908,-18946.2089,-32289.1971,943,974,975,,
909,-18944.6948,-32262.2773,943,944,977,,
910,-18944.5676,-32257.7627,944,945,,,
911,-18901.648,-32075.6713,946,982,983,,
912,-18854.1416,-32101.6304,947,,,,
913,-18886.8052,-31924.2924,948,949,,,
914,-18841.633,-32256.9167,950,951,,,
915,-18843.2449,-32244.7995,951,952,1908,,
916,-18945.0433,-31916.7138,953,962,963,,
917,-18955.1846,-31912.2438,953,954,,,
918,-18963.1615,-31910.9954,954,,,,
919,-19019.493,-31934.0929,955,1738,1739,,
920,-18993.4114,-31943.1564,955,,,,
921,-18669.4612,-32158.4625,956,1105,1106,,
922,-18855.3511,-32032.0849,957,958,,,
923,-18968.6252,-32012.2753,959,1816,1817,,
924,-18968.1383,-31996.1358,959,960,,,
925,-18963.5602,-31979.0843,960,961,,,
926,-18951.1683,-31933.7176,961,962,,,
927,-18928.5472,-31868.4826,964,1363,1407,1408,
928,-18742.9027,-32117.596,965,1702,1703,,
929,-18739.1557,-32099.7661,965,966,,,
930,-18739.3325,-32072.055,966,967,,,
931,-19049.332,-31888.4694,968,987,988,,
932,-18799.8309,-32024.748,969,970,,,
933,-18800.0304,-32063.4405,970,1959,1960,,
934,-18942.1986,-32317.8149,971,972,,,
935,-18941.7441,-32291.3587,972,973,,,
936,-18943.6581,-32289.4688,973,974,,,
937,-18957.9424,-32288.7062,975,976,,,
938,-18740.1721,-32165.5352,978,979,,,
939,-18766.7542,-32153.1768,979,980,,,
940,-18780.4775,-32148.167,980,981,,,
941,-18788.8094,-32164.9444,981,992,993,,
942,-18901.6848,-32071.7221,983,984,,,
943,-18909.8183,-32071.7047,984,,,,
944,-18798.0318,-32230.563,985,986,,,
945,-18771.7757,-32174.6536,986,991,992,,
946,-19011.3278,-31902.3507,987,1735,1736,,
947,-19081.7129,-31876.4858,988,,,,
948,-18747.5011,-32187.2845,989,990,,,
949,-18759.04,-32180.3824,990,991,,,
950,-18825.4113,-32146.1194,993,994,,,
951,-18653.7215,-32512.9771,995,,,,
952,-18633.4818,-32517.3126,995,996,,,
953,-18620.4914,-32483.772,996,997,,,
954,-18603.7325,-32460.9109,997,998,,,
955,-18600.4738,-32455.8814,998,999,,,
956,-18593.9475,-32445.8003,999,1000,,,
957,-18590.8695,-32440.6262,1000,1001,,,
958,-18589.7436,-32438.7428,1001,1002,,,
959,-18587.8953,-32433.189,1002,1003,,,
960,-18587.8727,-32422.351,1003,1004,,,
961,-18588.7159,-32401.6051,1004,1005,,,
962,-18588.8878,-32397.2673,1005,1006,,,
963,-18589.4304,-32384.1984,1006,1007,,,
964,-18593.1073,-32368.6049,1008,1009,,,
965,-18595.9225,-32351.9814,1010,1011,,,
966,-18602.2352,-32324.8788,1011,1012,,,
967,-18183.2497,-32433.2833,1013,,,,
968,-18203.4147,-32423.4246,1013,1014,,,
969,-18212.6691,-32418.3915,1014,1015,,,
970,-18222.1958,-32413.7573,1015,1016,,,
971,-18230.0874,-32410.3577,1016,1017,,,
972,-18235.6681,-32409.5253,1017,1018,,,
973,-18248.1961,-32408.1462,1018,1019,,,
974,-18255.5485,-32406.5004,1019,1020,,,
975,-18269.0193,-32406.0068,1020,1021,,,
976,-18293.6857,-32402.9054,1021,1022,,,
977,-18319.9759,-32401.8972,1022,1023,,,
978,-18338.5033,-32400.905,1023,1024,1040,1041,
979,-18352.6704,-32400.199,1024,1025,,,
980,-18364.4935,-32399.1873,1025,1026,,,
981,-18368.1381,-32398.4032,1026,1027,,,
982,-18372.8163,-32394.3446,1027,1028,,,
983,-18381.232,-32386.2846,1028,1029,,,
984,-18390.3392,-32375.7828,1029,1030,1037,,
985,-18402.0941,-32372.4305,1030,1031,,,
986,-18412.1112,-32373.1086,1031,1032,,,
987,-18422.8325,-32377.457,1032,1033,,,
988,-18434.9606,-32383.9103,1033,1034,,,
989,-18439.3526,-32385.8203,1034,1035,,,
990,-18357.916,-32351.101,1036,1042,1043,,
991,-18381.5346,-32361.99,1036,1037,,,
992,-18334.7051,-32463.1121,1038,,,,
993,-18335.0966,-32446.7489,1038,1039,,,
994,-18335.5322,-32421.0895,1039,1040,,,
995,-18347.4105,-32376.7035,1041,1042,,,
996,-18368.1765,-32325.133,1043,1044,1093,1094,
997,-18383.849,-32286.8514,1045,1046,,,
998,-18393.4086,-32263.2697,1046,1047,,,
999,-18397.5309,-32252.9113,1047,1048,,,
1000,-18399.5219,-32244.4764,1048,1049,,,
1001,-18403.9914,-32213.9277,1050,1051,1213,,
1002,-18407.6666,-32201.7953,1051,1052,,,
1003,-18411.8794,-32178.3911,1052,1053,1145,,
1004,-18423.156,-32145.2325,1053,1054,1159,1160,
1005,-18433.3978,-32101.7261,1054,1055,1230,,
1006,-18446.134,-32052.6679,1055,1056,,,
1007,-18452.2761,-32026.0871,1056,1212,1831,,
1008,-17869.6059,-32303.3759,1057,,,,
1009,-17877.9364,-32302.2498,1057,1058,,,
1010,-17887.0171,-32300.7894,1058,1059,,,
1011,-17895.2046,-32300.5288,1059,1060,,,
1012,-17902.9142,-32301.1234,1060,1061,,,
1013,-17913.0579,-32301.8351,1061,1062,,,
1014,-17917.8824,-32302.9347,1062,1063,,,
1015,-17922.8857,-32302.9468,1063,1064,,,
1016,-17931.8609,-32302.9952,1064,1065,,,
1017,-17940.7436,-32302.0566,1065,1066,,,
1018,-17974.6287,-32303.1639,1066,1067,,,
1019,-17977.477,-32302.3484,1067,1068,,,
1020,-17980.7223,-32300.9884,1068,1069,,,
1021,-17997.6995,-32298.569,1069,1070,,,
1022,-18015.8437,-32291.5879,1070,1071,,,
1023,-18021.4708,-32291.3879,1071,1072,,,
1024,-18033.8196,-32290.8859,1072,1073,,,
1025,-18062.7765,-32293.3341,1073,1074,,,
1026,-18066.0975,-32293.6157,1074,1075,,,
1027,-18092.1442,-32297.5784,1075,1076,,,
1028,-18109.7494,-32301.4362,1076,1077,,,
1029,-18118.5552,-32302.694,1077,1078,,,
1030,-18126.5012,-32303.8315,1078,1079,,,
1031,-18149.1268,-32307.2019,1079,1080,,,
1032,-18171.3269,-32310.4401,1080,1081,,,
1033,-18188.0074,-32308.9417,1081,1082,,,
1034,-18211.4725,-32306.9523,1082,1083,,,
1035,-18235.914,-32304.5837,1083,1084,,,
1036,-18249.9074,-32303.0795,1084,1085,,,
1037,-18254.3668,-32302.6045,1085,1086,,,
1038,-18289.8009,-32300.1909,1086,1087,,,
1039,-18330.0294,-32297.4567,1087,1088,,,
1040,-18336.1512,-32300.2396,1088,1089,,,
1041,-18344.2221,-32304.8487,1089,1090,,,
1042,-18349.8586,-32309.2189,1090,1091,,,
1043,-18353.6603,-32314.447,1091,1092,,,
1044,-18361.2569,-32321.6085,1092,1093,,,
1045,-18387.7918,-32334.0002,1094,1095,,,
1046,-18405.7257,-32343.5808,1095,1096,,,
1047,-18436.6676,-32360.6555,1096,1097,,,
1048,-18566.5283,-32201.1207,1098,1155,1156,,
1049,-18559.4235,-32264.8102,1098,1099,,,
1050,-18633.5718,-32353.1671,1100,,,,
1051,-18451.2408,-32189.6577,1101,1146,1147,,
1052,-18445.4556,-32209.5597,1101,1102,,,
1053,-18672.6161,-32088.3805,1103,1104,,,
1054,-18670.8835,-32142.1193,1104,1105,,,
1055,-18663.3464,-32227.9074,1106,1107,1152,,
1056,-18661.7295,-32237.7504,1107,1108,1168,,
1057,-18657.2563,-32266.125,1108,1109,1167,,
1058,-18656.8539,-32268.3777,1109,1110,1131,,
1059,-18648.4874,-32312.5793,1110,1111,,,
1060,-18499.2144,-32248.2739,1112,1137,1138,,
1061,-18477.1101,-32238.8797,1112,1113,,,
1062,-18469.8247,-32250.8865,1113,1114,,,
1063,-17996.9949,-32191.9653,1115,,,,
1064,-18050.5481,-32201.7074,1115,1116,,,
1065,-18096.2839,-32211.221,1116,1117,,,
1066,-18139.2136,-32220.019,1117,1118,1170,,
1067,-18174.309,-32224.6951,1118,1119,,,
1068,-18198.0254,-32226.2329,1119,1120,,,
1069,-18217.2132,-32225.3394,1120,1121,,,
1070,-18247.391,-32218.8212,1121,1122,,,
1071,-18284.6895,-32221.307,1122,1123,,,
1072,-18297.6488,-32222.9776,1123,1124,,,
1073,-18314.158,-32226.2382,1124,1125,,,
1074,-18331.4088,-32229.3309,1125,1126,,,
1075,-18359.973,-32234.4635,1126,1127,1197,,
1076,-18823.6276,-32188.1441,1128,,,,
1077,-18608.226,-32256.4326,1129,1130,1165,,
1078,-18618.6574,-32217.4405,1130,1154,1155,,
1079,-18676.8198,-32271.7857,1131,,,,
1080,-18520.6227,-32262.2621,1132,1133,,,
1081,-18524.3429,-32254.4226,1133,1134,,,
1082,-18526.3385,-32243.891,1134,,,,
1083,-18457.7149,-32322.7953,1135,1136,,,
1084,-18507.2162,-32211.0397,1138,1139,1150,1151,
1085,-18512.3716,-32184.239,1139,1156,1157,,
1086,-18419.9523,-32232.0097,1140,1141,,,
1087,-18427.9154,-32202.1304,1141,1142,,,
1088,-18433.6694,-32184.6246,1142,1143,1145,1146,
1089,-18440.4806,-32170.8771,1143,1144,,,
1090,-18447.1279,-32156.5865,1144,1158,1159,,
1091,-18467.1833,-32194.5277,1147,1148,,,
1092,-18478.5388,-32199.3518,1148,1149,,,
1093,-18486.4176,-32203.0183,1149,1150,,,
1094,-18531.3661,-32216.5249,1151,,,,
1095,-18660.2054,-32227.1596,1152,1153,,,
1096,-18637.4783,-32222.8699,1153,1154,,,
1097,-18463.1303,-32164.1631,1157,1158,,,
1098,-18384.1878,-32135.8175,1160,1161,1196,,
1099,-18368.2113,-32131.9568,1161,1162,,,
1100,-18337.2671,-32122.037,1162,,,,
1101,-18509.2388,-32317.6406,1163,1164,,,
1102,-18518.2584,-32321.6154,1164,,,,
1103,-18628.5384,-32261.1712,1165,1166,,,
1104,-18648.6763,-32264.6565,1166,1167,,,
1105,-18140.0759,-32194.8025,1170,1171,,,
1106,-18146.9068,-32155.0307,1171,1172,,,
1107,-18162.4754,-32136.3957,1172,1173,,,
1108,-18165.4011,-32133.6497,1173,1174,,,
1109,-18184.4542,-32115.7064,1174,1175,,,
1110,-18204.7827,-32102.0978,1175,1176,,,
1111,-18209.2431,-32097.7402,1176,1177,,,
1112,-18236.4571,-32071.205,1177,1178,,,
1113,-18245.396,-32062.4896,1178,1179,,,
1114,-18267.7246,-32040.4903,1179,1180,,,
1115,-18294.0585,-32017.2958,1180,1181,1209,1210,
1116,-18313.229,-31999.4851,1181,1182,,,
1117,-18318.8427,-31992.8509,1182,1183,,,
1118,-18325.9812,-31979.835,1183,1184,,,
1119,-18329.7246,-31970.0764,1184,1185,1220,,
1120,-18333.576,-31960.0181,1185,1186,,,
1121,-18340.6163,-31943.2418,1186,1187,,,
1122,-18343.9898,-31933.9609,1187,1188,,,
1123,-18343.8803,-31929.1467,1188,1189,1839,1840,
1124,-18344.243,-31925.1635,1189,1190,,,
1125,-18358.1385,-31876.6023,1190,1191,,,
1126,-18362.0917,-31863.3045,1191,1192,,,
1127,-18368.4368,-31838.5648,1192,1193,,,
1128,-18370.9797,-31830.1509,1193,1194,,,
1129,-18379.647,-31812.8055,1194,1195,,,
1130,-18393.1599,-31785.0002,1195,1339,1340,,
1131,-18370.9602,-32174.9704,1196,1197,1213,1214,
1132,-17930.0207,-32009.9736,1198,,,,
1133,-17937.205,-32010.3473,1198,1199,,,
1134,-17962.5909,-32010.1185,1199,1200,,,
1135,-17984.3424,-32011.1394,1200,1201,,,
1136,-18019.0396,-32011.7347,1201,1202,,,
1137,-18045.9832,-32012.279,1202,1203,,,
1138,-18069.2439,-32012.4203,1203,1204,,,
1139,-18098.6763,-32013.3477,1204,1205,,,
1140,-18133.6281,-32014.5743,1205,1206,,,
1141,-18171.0114,-32014.7197,1206,1207,,,
1142,-18175.3088,-32014.7331,1207,1208,,,
1143,-18256.7111,-32017.0066,1208,1209,,,
1144,-18353.8404,-32020.7223,1210,1211,,,
1145,-18434.1865,-32024.0724,1211,1212,,,
1146,-18327.5147,-32161.8149,1214,,,,
1147,-18556.4499,-31976.1616,1215,1216,,,
1148,-18556.0839,-31982.8404,1216,1217,1225,,
1149,-18554.8544,-31987.6241,1217,1218,,,
1150,-18550.6179,-31999.4583,1218,,,,
1151,-18377.6146,-32081.0088,1219,1227,1228,,
1152,-18384.4367,-32050.666,1219,,,,
1153,-18387.168,-31971.544,1220,1221,1231,,
1154,-18430.9179,-31974.8811,1221,1222,,,
1155,-18466.3039,-31976.1055,1222,1223,1832,1833,
1156,-18516.4394,-31978.619,1223,1224,,,
1157,-18529.5053,-31979.446,1224,1225,,,
1158,-18283.9618,-32091.9735,1226,,,,
1159,-18298.6657,-32057.854,1226,1227,,,
1160,-18389.2571,-32084.7341,1228,1229,,,
1161,-18391.716,-32088.1568,1229,1230,,,
1162,-18393.5594,-31938.5841,1231,1837,1838,,
1163,-18572.9013,-31908.703,1232,1233,,,
1164,-18596.845,-31876.5937,1233,1279,1280,,
1165,-18414.9001,-31859.3569,1234,1270,1271,,
1166,-18446.7003,-31867.9991,1234,1235,1344,,
1167,-18493.9746,-31882.699,1235,1854,1855,,
1168,-18415.1817,-31855.5292,1236,1269,1270,,
1169,-18398.8643,-31852.8119,1236,1237,,,
1170,-18388.2219,-31851.3253,1237,,,,
1171,-18610.4628,-31773.9313,1238,1305,1306,,
1172,-18664.7169,-31769.3691,1238,1239,1353,,
1173,-18711.426,-31769.2708,1239,1240,1298,1299,
1174,-18735.8374,-31770.5283,1240,1241,1302,,
1175,-18759.4253,-31771.7431,1241,1242,1259,1260,
1176,-18787.8664,-31774.8224,1242,1243,,,
1177,-18794.7606,-31779.2783,1243,1244,,,
1178,-18808.9962,-31785.8042,1244,1245,,,
1179,-18815.729,-31786.6774,1245,1246,,,
1180,-18628.0496,-31903.0631,1247,1281,1282,,
1181,-18483.069,-31806.9111,1248,,,,
1182,-18471.425,-31828.4006,1248,1342,1343,,
1183,-18367.309,-31708.8327,1249,1320,1321,,
1184,-18396.4963,-31727.2867,1249,,,,
1185,-18687.5058,-31859.4863,1250,1313,1314,,
1186,-18715.1408,-31857.742,1250,1251,1300,,
1187,-18718.254,-31858.2235,1251,1252,1348,,
1188,-18729.5213,-31859.9746,1252,1253,,,
1189,-18743.7283,-31865.7797,1253,1254,,,
1190,-18762.2273,-31843.3213,1255,1256,,,
1191,-18763.3522,-31840.4902,1256,1257,,,
1192,-18763.1493,-31838.6492,1257,1258,1516,,
1193,-18757.7623,-31789.651,1258,1259,,,
1194,-18767.455,-31722.7499,1260,1261,,,
1195,-18776.8419,-31686.7549,1261,1262,,,
1196,-18554.5241,-31786.2398,1263,1861,1862,,
1197,-18582.155,-31808.5458,1263,1264,,,
1198,-18557.3656,-31842.8755,1264,1276,1277,,
1199,-18442.6582,-31773.0944,1265,,,,
1200,-18439.0525,-31779.3918,1265,1266,,,
1201,-18440.3527,-31786.8437,1266,1267,,,
1202,-18431.0112,-31806.2317,1267,1268,1340,1341,
1203,-18416.4658,-31837.7997,1268,1269,,,
1204,-18404.5637,-31900.7115,1271,1327,1328,,
1205,-18516.9111,-31948.8329,1272,1273,,,
1206,-18550.1499,-31888.0286,1273,1274,1335,,
1207,-18570.181,-31853.842,1274,1277,1278,,
1208,-18673.7348,-31721.1615,1275,1354,1355,,
1209,-18528.3452,-31818.0319,1276,1858,1859,,
1210,-18587.0114,-31868.2057,1278,1279,1352,,
1211,-18616.1498,-31893.071,1280,1281,1330,,
1212,-18630.125,-31904.8115,1282,1283,1301,,
1213,-18672.9906,-31930.8569,1283,1316,1317,,
1214,-18387.1693,-31692.5512,1284,1322,1323,,
1215,-18366.7381,-31642.7741,1284,1285,,,
1216,-18357.7969,-31628.2384,1285,1286,,,
1217,-18348.8624,-31616.8864,1286,1287,,,
1218,-18342.3984,-31610.3215,1287,1288,,,
1219,-18330.776,-31598.498,1288,1289,,,
1220,-18323.8947,-31586.9199,1289,1290,,,
1221,-18319.2728,-31578.6539,1290,1291,,,
1222,-18318.6643,-31577.5015,1291,1292,,,
1223,-18316.63,-31573.6674,1292,,,,
1224,-18460.352,-31693.786,1293,1294,,,
1225,-18490.7997,-31739.615,1294,1295,1427,,
1226,-18535.0153,-31810.5634,1295,1859,1860,,
1227,-18627.1413,-31823.7268,1296,1309,1310,,
1228,-18677.2762,-31822.0241,1296,,,,
1229,-18714.0001,-31745.7368,1297,1298,,,
1230,-18714.1025,-31832.9953,1299,1300,1303,,
1231,-18667.6237,-31852.4618,1301,1312,1313,,
1232,-18738.6625,-31831.7233,1302,1303,,,
1233,-18668.2865,-31750.3035,1304,1353,1354,,
1234,-18609.8024,-31799.8352,1306,1307,,,
1235,-18611.9503,-31805.9541,1307,1308,1347,,
1236,-18623.5862,-31819.5743,1308,1309,1352,,
1237,-18638.2603,-31836.749,1310,1311,,,
1238,-18649.8667,-31844.9558,1311,1312,1330,,
1239,-18683.5569,-31878.8966,1314,1315,1350,,
1240,-18675.3367,-31919.3484,1315,1316,1325,,
1241,-18667.3858,-31958.7569,1317,1318,,,
1242,-18334.9008,-31747.2043,1319,1337,1338,,
1243,-18355.9323,-31719.6831,1319,1320,,,
1244,-18370.5233,-31705.7754,1321,1322,,,
1245,-18404.7535,-31682.3978,1323,1324,1392,,
1246,-18697.8823,-31923.716,1325,,,,
1247,-18385.5316,-31937.1364,1326,1838,1839,,
1248,-18391.1183,-31900.0404,1326,1327,,,
1249,-18414.8943,-31908.9101,1328,1329,,,
1250,-18409.588,-31941.5349,1329,1836,1837,,
1251,-18401.6463,-31584.3408,1331,1332,,,
1252,-18384.0186,-31551.5637,1332,1333,,,
1253,-18383.4101,-31550.4224,1333,1334,,,
1254,-18381.5575,-31546.9762,1334,,,,
1255,-18500.5823,-31862.5955,1335,1855,1856,,
1256,-18279.2513,-31702.3252,1336,,,,
1257,-18323.5392,-31739.0743,1336,1337,,,
1258,-18347.4312,-31756.1639,1338,1339,,,
1259,-18461.7978,-31823.4952,1341,1342,,,
1260,-18505.8774,-31846.4551,1343,1856,1857,,
1261,-18436.3647,-31909.6975,1344,,,,
1262,-18590.9234,-31783.5456,1345,1346,,,
1263,-18604.399,-31798.715,1346,1347,,,
1264,-18731.7824,-31876.8315,1348,1349,,,
1265,-18741.821,-31883.677,1349,,,,
1266,-18724.8686,-31893.1308,1350,1351,,,
1267,-18724.812,-31909.1827,1351,,,,
1268,-19173.475,-31657.5754,1356,1442,1443,,
1269,-19360.2308,-31811.9863,1357,1864,1865,,
1270,-18426.3664,-31603.8911,1358,1463,1464,,
1271,-18438.4185,-31617.8435,1358,,,,
1272,-18888.5018,-31650.0993,1359,1360,,,
1273,-18880.7537,-31614.1628,1360,1540,1541,,
1274,-19006.338,-31688.7072,1361,1362,1377,,
1275,-19014.6014,-31724.1987,1362,1388,1389,,
1276,-18919.2989,-31841.9897,1363,1364,1884,1885,
1277,-18914.7625,-31835.9203,1364,1365,,,
1278,-18905.9957,-31814.5403,1365,1366,,,
1279,-18914.2474,-31810.7067,1366,,,,
1280,-18767.4409,-31609.0783,1367,1368,1385,,
1281,-18769.447,-31565.2117,1368,,,,
1282,-19003.1904,-31870.8303,1369,1734,1735,,
1283,-19025.718,-31862.5731,1369,1370,,,
1284,-19039.966,-31857.8501,1370,1371,,,
1285,-19059.2924,-31850.3319,1371,1525,1526,,
1286,-18641.2102,-31587.1135,1372,1373,,,
1287,-18652.804,-31559.2897,1373,1374,,,
1288,-18655.2627,-31558.3084,1374,1375,,,
1289,-18898.1385,-31714.7408,1376,,,,
1290,-18940.764,-31700.3842,1377,1723,1724,,
1291,-18741.4802,-31619.3167,1378,1379,,,
1292,-19053.7476,-31597.8191,1380,1381,,,
1293,-19058.7497,-31559.5592,1381,1382,,,
1294,-19060.0813,-31547.7088,1382,1383,,,
1295,-19087.7492,-31549.0915,1383,1384,,,
1296,-19090.9158,-31549.24,1384,1495,1496,,
1297,-18956.3217,-31741.3513,1386,1725,1726,,
1298,-18985.4808,-31733.3019,1386,1387,,,
1299,-19011.0845,-31725.2933,1387,1388,1499,,
1300,-19046.5075,-31714.69,1389,1390,1546,,
1301,-19052.4924,-31712.7691,1390,1391,1418,,
1302,-18427.8679,-31708.3966,1392,,,,
1303,-19164.219,-31728.3254,1393,1529,1530,,
1304,-19157.8647,-31709.991,1393,1394,1490,,
1305,-19145.9868,-31672.5328,1394,1395,1441,1442,
1306,-19133.1412,-31631.0055,1395,1396,,,
1307,-18581.4739,-31617.1237,1397,1398,,,
1308,-18572.3212,-31605.373,1398,,,,
1309,-18995.5912,-31841.4053,1399,1732,1733,,
1310,-19017.9726,-31832.4829,1399,1400,,,
1311,-19029.9209,-31826.944,1400,1401,,,
1312,-19031.6657,-31826.3745,1401,,,,
1313,-18869.521,-31888.2542,1402,1403,,,
1314,-18880.056,-31890.2397,1404,1405,,,
1315,-18895.4466,-31886.7237,1405,1406,,,
1316,-18909.0085,-31882.6237,1406,1407,,,
1317,-18948.6523,-31856.9805,1408,1409,,,
1318,-18960.1503,-31894.7171,1409,,,,
1319,-19113.6074,-31684.8384,1410,1411,1440,1441,
1320,-19124.3089,-31722.1882,1411,1489,1490,,
1321,-19227.9334,-31701.8747,1412,1532,1533,,
1322,-19233.2744,-31720.1446,1412,,,,
1323,-19205.212,-31879.5919,1413,1477,1478,,
1324,-19224.7111,-31876.6544,1413,1414,,,
1325,-19263.3796,-31873.1206,1414,1415,,,
1326,-19337.8407,-31870.6847,1416,1417,,,
1327,-19072.6453,-31786.9169,1418,1894,1895,,
1328,-18812.4386,-31736.7208,1419,1420,,,
1329,-18818.6123,-31751.262,1420,1421,,,
1330,-18573.2905,-31675.2135,1422,1431,1432,,
1331,-18535.473,-31600.7576,1422,1423,1491,,
1332,-18520.1663,-31570.6051,1423,,,,
1333,-18502.58,-31596.8992,1424,1425,,,
1334,-18505.5408,-31598.1133,1425,1426,,,
1335,-18516.1256,-31593.8315,1426,1458,1470,,
1336,-18550.7111,-31693.2538,1428,1429,1897,,
1337,-18553.1316,-31691.3185,1429,1430,1467,,
1338,-18554.7212,-31690.0506,1430,1431,1748,,
1339,-18794.2545,-31877.8643,1434,1435,1523,,
1340,-18838.8247,-31858.6119,1436,1437,,,
1341,-18842.125,-31857.6953,1437,1438,1507,1539,
1342,-18863.5173,-31851.593,1438,1439,,,
1343,-19218.9461,-31637.465,1443,1872,1873,,
1344,-19131.7527,-31532.4347,1444,1493,1494,,
1345,-19242.5339,-31805.7083,1445,1485,1486,,
1346,-19245.8261,-31838.7144,1445,,,,
1347,-18899.517,-31801.3199,1446,1447,,,
1348,-18938.5164,-31783.3547,1447,1448,1505,,
1349,-18968.5228,-31769.524,1448,1726,1727,,
1350,-18880.5388,-31564.1442,1449,,,,
1351,-18891.6395,-31611.1223,1449,1541,1542,,
1352,-19006.8046,-31577.0313,1450,1451,,,
1353,-19004.0198,-31556.637,1451,1452,,,
1354,-19004.2459,-31514.3715,1452,1453,,,
1355,-19004.0741,-31476.3667,1453,1454,,,
1356,-19008.3764,-31428.0357,1454,1455,,,
1357,-19001.3151,-31400.3845,1455,1456,,,
1358,-19000.7137,-31398.3446,1456,,,,
1359,-18535.5132,-31650.355,1457,1467,1468,,
1360,-18514.3383,-31587.0351,1458,1459,,,
1361,-18509.595,-31577.0168,1459,1460,,,
1362,-18502.9461,-31564.218,1460,1461,,,
1363,-18498.1781,-31555.3645,1461,1462,1465,1466,
1364,-18484.6557,-31526.1068,1462,,,,
1365,-18524.238,-31622.9341,1468,1469,,,
1366,-18519.7413,-31609.7093,1469,1470,,,
1367,-19151.6274,-31733.3445,1471,1528,1529,,
1368,-19154.4095,-31752.2523,1471,1472,,,
1369,-19158.5425,-31780.9747,1472,1473,,,
1370,-19160.6774,-31814.427,1473,1474,1482,1483,
1371,-19171.7215,-31859.4414,1474,1475,,,
1372,-19173.5549,-31891.53,1475,1476,1777,,
1373,-19205.3526,-31890.241,1476,1477,,,
1374,-19202.2199,-31813.7826,1478,1479,1483,1484,
1375,-19200.5558,-31772.2091,1479,1480,,,
1376,-19197.3731,-31735.3867,1480,1481,,,
1377,-19194.4274,-31716.1242,1481,1530,1531,,
1378,-19238.1213,-31806.8161,1484,1485,,,
1379,-19303.5859,-31790.4225,1487,1488,,,
1380,-19335.0609,-31782.3448,1488,1865,1866,,
1381,-19175.93,-31537.6197,1492,1877,1878,,
1382,-19150.5401,-31535.4115,1492,1493,,,
1383,-19092.1439,-31527.1509,1494,1495,,,
1384,-19090.511,-31575.5317,1496,1497,,,
1385,-19090.4289,-31596.265,1497,1498,,,
1386,-19031.766,-31797.2103,1499,1892,1893,,
1387,-18701.0651,-31948.6467,1500,1501,,,
1388,-18715.7228,-31949.3147,1501,1502,,,
1389,-18718.6299,-31946.4133,1502,1503,,,
1390,-18720.6615,-31935.9149,1503,,,,
1391,-19212.7215,-31708.3416,1504,1531,1532,,
1392,-19203.5809,-31685.9532,1504,,,,
1393,-18921.0958,-31742.7021,1505,1506,,,
1394,-18917.2044,-31742.1225,1506,,,,
1395,-18839.2323,-31846.0425,1507,1508,,,
1396,-18836.0325,-31834.5679,1508,1509,,,
1397,-18829.0138,-31835.4037,1509,1510,,,
1398,-18814.3442,-31837.6201,1510,1511,,,
1399,-18805.5904,-31839.3581,1511,1512,,,
1400,-18798.2181,-31839.8396,1512,1513,,,
1401,-18795.4044,-31839.8123,1513,1514,1523,,
1402,-18787.5062,-31839.7403,1514,1515,,,
1403,-18769.492,-31839.0018,1515,1516,,,
1404,-19094.7468,-31824.6749,1517,1544,1545,,
1405,-19103.0658,-31843.7262,1517,1518,,,
1406,-19087.8733,-31850.9361,1518,1519,,,
1407,-19064.4653,-31862.0574,1519,1527,,,
1408,-18866.2482,-31710.4823,1520,1521,,,
1409,-18882.3661,-31759.7793,1521,1522,,,
1410,-19036.6578,-31795.9796,1524,1893,1894,,
1411,-19053.7642,-31837.4535,1524,1525,1545,,
1412,-19062.2203,-31857.1812,1526,1527,,,
1413,-19252.8979,-31691.2599,1534,1535,,,
1414,-19262.9679,-31687.5107,1535,1868,1869,,
1415,-19000.7912,-31861.5615,1536,1733,1734,,
1416,-18975.0376,-31871.6115,1536,1537,,,
1417,-18966.614,-31875.4567,1537,1538,,,
1418,-18969.7297,-31885.567,1538,,,,
1419,-18904.1312,-31610.1972,1542,1543,,,
1420,-18927.565,-31611.4119,1543,1718,1719,,
1421,-19079.9142,-31784.6383,1544,1895,1896,,
1422,-19037.2162,-31680.8536,1546,1547,,,
1423,-19031.0554,-31655.5855,1547,1548,,,
1424,-19313.165,-31548.4155,1549,,,,
1425,-19314.5556,-31597.1114,1549,1550,,,
1426,-19313.0791,-31604.5803,1550,1551,,,
1427,-19306.9118,-31614.1006,1551,1552,,,
1428,-19246.4474,-31670.3744,1553,1870,1871,,
1429,-19505.0255,-31563.7262,1554,,,,
1430,-19411.7656,-31523.7289,1555,1556,1692,,
1431,-19409.9371,-31556.3357,1556,1557,,,
1432,-19405.9087,-31629.6593,1557,1558,1914,,
1433,-19404.4641,-31668.2445,1559,1560,,,
1434,-19405.0674,-31675.2318,1560,1561,,,
1435,-19408.0036,-31681.6373,1561,1562,1827,,
1436,-19413.869,-31687.1599,1562,1563,,,
1437,-19421.7936,-31691.1029,1563,1564,,,
1438,-19431.1521,-31692.9571,1564,1565,,,
1439,-19500.9791,-31698.5281,1566,1567,1685,,
1440,-19563.898,-31574.346,1572,1573,,,
1441,-19563.2868,-31567.9354,1573,1574,,,
1442,-19563.4305,-31563.3758,1574,1575,,,
1443,-19566.4941,-31463.3753,1575,1576,,,
1444,-19567.4942,-31440.9649,1576,1577,,,
1445,-19568.1644,-31424.9227,1577,1578,,,
1446,-19569.1096,-31402.2462,1578,1579,,,
1447,-19570.2011,-31376.2081,1579,1580,,,
1448,-19571.3958,-31351.8449,1580,1581,,,
1449,-19572.625,-31326.705,1581,1582,,,
1450,-19573.1184,-31316.587,1582,1583,,,
1451,-19574.659,-31285.0013,1583,1584,,,
1452,-19577.0525,-31201.2315,1584,1585,,,
1453,-19579.5838,-31134.8222,1585,1586,,,
1454,-19579.8747,-31127.2449,1586,,,,
1455,-19019.8199,-32352.9142,1587,,,,
1456,-19018.8064,-32399.2968,1587,1588,,,
1457,-19020.5539,-32404.1186,1588,1590,1591,,
1458,-19016.1457,-32420.091,1589,,,,
1459,-19016.8427,-32416.0184,1589,1590,,,
1460,-19027.9987,-32399.2771,1591,1592,,,
1461,-19032.4773,-32399.2675,1592,1593,,,
1462,-19045.8943,-32394.7793,1594,1595,,,
1463,-19064.8923,-32385.4536,1595,1596,,,
1464,-19110.706,-32354.5383,1597,1598,,,
1465,-19138.5777,-32306.5781,1599,1600,,,
1466,-19152.6902,-32276.4631,1600,1601,,,
1467,-19161.2471,-32267.1596,1602,1603,,,
1468,-19173.5518,-32263.0508,1603,1604,,,
1469,-19186.9766,-32262.2786,1604,1605,,,
1470,-19196.2938,-32261.5152,1605,1606,,,
1471,-19228.2452,-32259.5602,1607,1608,,,
1472,-19146.8675,-32349.6127,1610,1636,1637,,
1473,-19130.093,-32336.8474,1611,,,,
1474,-19127.9006,-32331.2944,1611,1612,,,
1475,-19132.4886,-32323.3086,1612,1613,,,
1476,-19141.205,-32312.4185,1613,1614,,,
1477,-19147.2517,-32305.3946,1614,1615,,,
1478,-19149.4344,-32302.2506,1615,1616,,,
1479,-19149.6672,-32296.9364,1616,1617,,,
1480,-19150.8635,-32289.446,1617,1618,,,
1481,-19152.7704,-32284.2725,1618,1619,1656,,
1482,-19153.2741,-32282.918,1619,1620,,,
1483,-19160.0505,-32274.4393,1620,1621,,,
1484,-19166.8741,-32271.1188,1621,1622,1632,,
1485,-19169.5042,-32269.8374,1622,1623,,,
1486,-19178.2377,-32266.9122,1623,1624,,,
1487,-19183.0228,-32266.4248,1624,1650,1651,,
1488,-19178.6073,-32303.9736,1625,1644,1645,,
1489,-19177.8259,-32302.4333,1625,1626,,,
1490,-19174.9,-32296.6379,1626,1627,,,
1491,-19172.9408,-32290.1194,1627,1628,,,
1492,-19171.9617,-32285.0519,1628,1629,,,
1493,-19170.7457,-32283.3573,1629,1630,1653,1654,
1494,-19170.0125,-32279.0104,1630,1631,,,
1495,-19168.7903,-32274.4205,1631,1632,,,
1496,-19131.0679,-32339.9847,1633,1634,,,
1497,-19135.4508,-32346.0099,1634,1635,,,
1498,-19140.0697,-32348.1742,1635,1636,,,
1499,-19153.4153,-32348.3895,1637,1638,,,
1500,-19159.9573,-32344.5039,1638,1639,,,
1501,-19163.5778,-32336.7752,1639,1640,,,
1502,-19165.7427,-32325.4112,1640,1641,,,
1503,-19166.9426,-32319.6068,1641,1642,,,
1504,-19168.8732,-32312.8359,1642,1643,,,
1505,-19174.6766,-32306.3006,1643,1644,,,
1506,-19182.4385,-32301.7023,1645,1646,,,
1507,-19186.061,-32294.9277,1646,1647,,,
1508,-19185.8015,-32287.9174,1647,1648,,,
1509,-19182.6278,-32280.4363,1648,1649,1652,,
1510,-19182.8522,-32271.2507,1649,1650,,,
1511,-19183.1083,-32264.1284,1651,,,,
1512,-19180.4474,-32280.4411,1652,1653,,,
1513,-19165.1655,-32284.3345,1654,1655,,,
1514,-19158.1277,-32284.8377,1655,1656,,,
1515,-19635.1264,-32017.7045,1659,1660,1924,,
1516,-19649.3034,-31837.8308,1664,1665,1919,,
1517,-19655.1341,-31770.3271,1666,1667,1917,,
1518,-19534.5609,-32261.8758,1672,1788,1789,,
1519,-19566.0347,-32170.4877,1673,1674,1925,,
1520,-19658.5108,-32139.145,1676,1677,,,
1521,-19672.953,-32140.3554,1677,1678,1753,,
1522,-19696.3357,-32142.3004,1678,,,,
1523,-19679.3485,-32250.1524,1680,1681,,,
1524,-19681.1935,-32245.7444,1681,1682,,,
1525,-19686.7416,-32238.5104,1682,1683,,,
1526,-19698.3531,-32223.8306,1683,1684,,,
1527,-19501.131,-31833.587,1687,1688,,,
1528,-19432.3939,-31557.5956,1689,1690,,,
1529,-19432.8625,-31544.3715,1690,1691,,,
1530,-19434.0583,-31524.4456,1691,1692,,,
1531,-19594.8144,-32371.4211,1694,1695,,,
1532,-19144.1622,-32366.3581,1696,1697,,,
1533,-19138.434,-32378.462,1697,1698,,,
1534,-19135.5442,-32385.1574,1699,1700,,,
1535,-19121.368,-32419.3992,1700,1701,,,
1536,-19120.396,-32421.8085,1701,,,,
1537,-18749.0868,-32115.564,1703,1704,,,
1538,-18820.9788,-32090.9515,1706,1707,1961,,
1539,-18836.5174,-32084.4956,1707,1708,,,
1540,-18843.5363,-32083.6709,1708,1709,,,
1541,-18878.1255,-31339.6792,1710,,,,
1542,-18878.4096,-31345.6578,1710,1711,,,
1543,-18884.9329,-31363.0269,1711,1712,,,
1544,-18888.2761,-31369.6203,1712,1713,,,
1545,-18898.3607,-31398.3301,1713,1714,,,
1546,-18920.9088,-31459.6384,1714,1715,,,
1547,-18926.9941,-31513.3718,1715,1716,,,
1548,-18927.7706,-31525.3951,1716,1717,,,
1549,-18931.1714,-31559.0001,1717,1718,,,
1550,-18929.0965,-31638.1099,1719,1720,,,
1551,-18930.1902,-31667.3491,1720,1721,,,
1552,-18931.893,-31676.7968,1722,1723,,,
1553,-18955.2943,-31738.9795,1724,1725,,,
1554,-18982.2606,-31801.2544,1727,1728,,,
1555,-18983.398,-31804.3358,1728,1729,,,
1556,-18985.5274,-31810.1108,1729,1730,1887,1888,
1557,-18987.5657,-31815.6198,1730,1731,,,
1558,-18992.1155,-31827.9456,1731,1732,,,
1559,-19014.8766,-31916.1097,1736,1737,,,
1560,-19024.3536,-31952.0756,1739,1740,,,
1561,-19029.598,-31967.5948,1741,1742,,,
1562,-19039.899,-32003.8473,1743,1744,,,
1563,-19042.9801,-32027.3027,1744,1745,,,
1564,-19043.8512,-32032.7254,1745,1813,1814,,
1565,-19664.9033,-32362.07,1746,1781,1782,,
1566,-19646.5971,-32385.2619,1746,,,,
1567,-18820.3177,-32346.8053,1749,1977,1978,,
1568,-18836.5602,-32322.2328,1749,,,,
1569,-19515.6445,-32303.905,1750,,,,
1570,-19172.6982,-31909.5804,1751,1779,,,
1571,-19667.2493,-32183.5205,1752,1753,,,
1572,-18790.8665,-32294.7964,1754,1755,,,
1573,-18783.5517,-32309.8431,1755,1756,1980,1981,
1574,-18777.5292,-32324.1549,1756,1757,,,
1575,-18775.5153,-32330.1938,1757,1758,,,
1576,-18774.256,-32337.9284,1758,1759,,,
1577,-19344.1576,-31664.0053,1760,1765,,,
1578,-19353.8039,-31594.5078,1761,,,,
1579,-19279.6392,-31711.5467,1762,1867,1868,,
1580,-19334.657,-31667.4871,1763,1764,,,
1581,-19339.2931,-31665.2473,1764,1765,,,
1582,-19356.2434,-31742.4853,1766,,,,
1583,-18794.0371,-31984.5919,1767,1825,1826,,
1584,-18797.5853,-31968.2886,1767,1768,,,
1585,-18797.6911,-31962.7307,1768,1769,,,
1586,-18796.4025,-31956.6322,1769,1770,,,
1587,-18794.8196,-31952.4756,1770,1771,,,
1588,-18792.5056,-31949.2191,1771,1772,,,
1589,-18754.3697,-31961.0141,1773,,,,
1590,-19406.6691,-32188.7639,1774,,,,
1591,-19421.3598,-32195.9867,1774,,,,
1592,-19397.853,-32182.804,1775,,,,
1593,-19384.4929,-32175.8333,1775,,,,
1594,-19249.3623,-32109.4574,1776,1802,1803,,
1595,-19254.7809,-32088.2245,1776,,,,
1596,-19172.7869,-31891.9532,1777,1778,,,
1597,-19173.5848,-31909.5674,1778,1779,,,
1598,-19701.27,-32392.7063,1780,,,,
1599,-19695.4036,-32386.9842,1780,1781,,,
1600,-19552.6278,-32273.7945,1787,1788,,,
1601,-19461.1633,-32222.6119,1792,1793,,,
1602,-19325.6205,-32150.3476,1798,1799,,,
1603,-19267.5152,-32119.6459,1801,1802,,,
1604,-19225.8149,-32098.149,1803,1804,1955,,
1605,-19049.1662,-32034.7108,1812,1813,,,
1606,-19038.6457,-32031.1613,1814,1815,,,
1607,-18991.4264,-32017.5624,1815,1816,,,
1608,-18849.1342,-31993.028,1823,1824,,,
1609,-19403.3672,-31687.915,1827,1828,,,
1610,-19390.1301,-31687.2229,1828,1829,1830,,
1611,-18458.5556,-32000.349,1831,1832,,,
1612,-18470.0353,-31951.9035,1834,1835,,,
1613,-18434.6677,-31946.4194,1835,1836,,,
1614,-18339.7172,-31928.4676,1840,1841,,,
1615,-18306.2028,-31922.1471,1841,1842,,,
1616,-18286.2632,-31917.8618,1842,1843,,,
1617,-18243.684,-31907.3443,1843,1844,,,
1618,-18233.1925,-31904.4373,1844,1845,,,
1619,-18201.4848,-31896.7482,1845,1846,,,
1620,-18187.0287,-31892.9063,1846,1847,,,
1621,-18137.1443,-31880.1514,1847,1848,,,
1622,-18131.0438,-31878.7772,1848,1849,,,
1623,-18096.0313,-31869.719,1849,1850,,,
1624,-18057.0463,-31860.1917,1850,1851,,,
1625,-18040.6261,-31855.8211,1851,1852,,,
1626,-18024.7472,-31850.6839,1852,,,,
1627,-18481.6871,-31925.3778,1853,1854,,,
1628,-18521.9187,-31825.2226,1857,1858,,,
1629,-18544.7108,-31800.5039,1860,1861,,,
1630,-19319.538,-31762.3443,1866,1867,,,
1631,-19255.9681,-31680.3154,1869,1870,,,
1632,-19233.1902,-31656.2038,1871,1872,,,
1633,-19208.7426,-31621.3355,1873,1874,,,
1634,-19194.5382,-31595.8186,1874,1875,1911,,
1635,-19192.8217,-31592.7385,1875,1876,,,
1636,-19168.3465,-31507.1854,1878,1879,,,
1637,-19159.7249,-31461.0564,1879,1880,,,
1638,-19160.1897,-31445.8356,1880,1881,,,
1639,-19163.0629,-31427.4148,1881,1882,,,
1640,-19166.1632,-31405.1996,1882,,,,
1641,-18894.5962,-31848.432,1883,1884,,,
1642,-18956.8204,-31826.6455,1885,1886,,,
1643,-18981.5606,-31812.3934,1886,1887,,,
1644,-18990.0998,-31807.6273,1888,1889,,,
1645,-19000.3562,-31802.0366,1889,1890,,,
1646,-19011.0822,-31800.3053,1890,1891,,,
1647,-19022.381,-31799.8928,1891,1892,,,
1648,-18551.0777,-31695.516,1897,1898,,,
1649,-18549.0304,-31702.8862,1898,1899,,,
1650,-18549.4071,-31710.0072,1899,1900,,,
1651,-18551.1208,-31716.1492,1900,1901,,,
1652,-18558.7997,-31736.8996,1901,1902,,,
1653,-18567.4601,-31764.0375,1902,1903,,,
1654,-18812.9612,-32260.9821,1904,1905,,,
1655,-18826.5243,-32248.64,1905,1906,,,
1656,-18827.9796,-32248.0267,1906,1907,,,
1657,-18832.0981,-32244.6346,1907,1908,,,
1658,-18676.2657,-32322.3716,1909,1963,1964,,
1659,-18685.5969,-32280.9191,1909,,,,
1660,-19417.8245,-31613.6258,1910,,,,
1661,-19215.9113,-31585.4114,1911,,,,
1662,-19284.5934,-31589.1229,1912,,,,
1663,-19252.1353,-31614.9295,1913,,,,
1664,-19666.034,-31630.6733,1915,,,,
1665,-19685.7676,-31648.1235,1916,,,,
1666,-19684.3791,-31772.6917,1917,,,,
1667,-19617.4705,-31757.5201,1918,,,,
1668,-19666.9384,-31838.89,1919,,,,
1669,-19694.9011,-31838.118,1920,,,,
1670,-19695.2506,-31832.5263,1920,1921,,,
1671,-19604.2815,-31922.0941,1922,,,,
1672,-19666.6324,-31990.7449,1923,,,,
1673,-19657.0591,-32018.7542,1924,,,,
1674,-19572.2309,-32153.4904,1925,,,,
1675,-19629.8461,-32256.5851,1926,,,,
1676,-19570.5658,-32251.8793,1927,,,,
1677,-19527.8486,-32212.9032,1928,,,,
1678,-19448.2623,-32082.4338,1929,1930,,,
1679,-19444.4009,-32070.861,1930,1931,,,
1680,-19448.7434,-32095.5337,1933,1934,,,
1681,-19523.7265,-31918.2226,1935,,,,
1682,-19518.8869,-31819.7148,1937,1938,1939,,
1683,-19522.8591,-31819.9391,1938,,,,
1684,-19514.671,-31819.7241,1939,,,,
1685,-19423.6906,-31768.3626,1940,1941,,,
1686,-19514.2233,-31751.8571,1942,,,,
1687,-19395.0256,-32292.5436,1943,1944,1945,,
1688,-19377.7824,-32297.2736,1945,1946,,,
1689,-19376.8246,-32293.7259,1946,,,,
1690,-19361.1463,-32377.1806,1947,,,,
1691,-19354.5645,-32379.3692,1947,1948,,,
1692,-19348.9677,-32381.0676,1948,1949,,,
1693,-19340.5589,-32383.5597,1949,1950,,,
1694,-19334.7131,-32383.0621,1950,1951,,,
1695,-19331.9756,-32380.7385,1951,1952,,,
1696,-19330.1497,-32377.3701,1952,1953,,,
1697,-19314.5561,-32321.1174,1953,1954,,,
1698,-19211.8677,-32124.9692,1955,,,,
1699,-18674.0405,-32382.834,1957,1958,,,
1700,-18815.5084,-32062.5757,1960,1961,,,
1701,-18663.0036,-32318.8164,1962,1963,,,
1702,-18680.0678,-32323.3953,1964,1965,,,
1703,-18698.3369,-32324.444,1965,1966,,,
1704,-18715.7714,-32324.4073,1966,1967,,,
1705,-18743.9086,-32311.2802,1969,1970,,,
1706,-18756.0644,-32300.7937,1970,1971,,,
1707,-18760.6048,-32295.8033,1971,1972,,,
1708,-18845.6807,-32407.786,1973,,,,
1709,-18843.5928,-32400.2471,1973,1974,,,
1710,-18834.4055,-32368.5069,1975,1976,,,
1711,-18827.0868,-32356.087,1976,1977,,,
1712,-18818.4212,-32344.1913,1978,1979,,,
1713,-18781.9108,-32308.2602,1981,1982,,,
1714,-18767.5638,-32296.5207,1982,1983,,,
1715,-18770.3479,-32282.4709,1984,1985,,,
1716,-18767.0718,-32286.3383,1985,1986,,,
1717,-19525.2821,-32325.3602,1987,,,,